Resume_ID,Name,Experience (Years),Has Certification,Hired,Salary Expectation ($),Projects Count,AI Score (0-100),Skill Count,Education_B.Sc,Education_B.Tech,Education_M.Tech,Education_MBA,Education_PhD,Job Role_AI Researcher,Job Role_Cybersecurity Analyst,Job Role_Data Scientist,Job Role_Software Engineer
1,Ashley Ali,10,0,1,104895,8,100,3,1,0,0,0,0,1,0,0,0
2,Wesley Roman,10,1,1,113002,1,100,4,0,0,0,1,0,0,0,1,0
3,Corey Sanchez,1,1,1,71766,7,70,3,0,0,0,1,0,0,1,0,0
4,Elizabeth Carney,7,1,1,46848,0,95,3,0,1,0,0,0,1,0,0,0
5,Julie Hill,4,0,1,87441,9,100,3,0,0,0,0,1,0,0,0,1
6,Samantha Santos,10,1,1,47957,5,100,4,0,1,0,0,0,0,1,0,0
7,Tony Smith,4,1,1,66208,9,100,3,0,0,1,0,0,0,1,0,0
8,Anthony Harrison,3,1,1,103006,7,90,3,0,0,1,0,0,1,0,0,0
9,Nancy Jenkins,7,1,1,92270,3,100,2,0,0,0,1,0,0,1,0,0
10,Courtney Gibson,0,1,0,60579,1,35,4,0,0,1,0,0,1,0,0,0
11,Laura French,1,1,1,88945,7,70,3,0,0,0,0,1,0,0,0,1
12,Ralph Barrera,0,1,0,62708,5,50,3,0,0,0,1,0,0,1,0,0
13,David Diaz,0,1,1,42077,9,65,2,0,0,1,0,0,0,1,0,0
14,Caitlin Myers,4,1,1,50410,10,100,3,1,0,0,0,0,0,0,0,1
15,Tammy Pineda,0,1,0,96555,5,45,2,0,0,1,0,0,1,0,0,0
16,Courtney Cook,1,1,0,51388,6,60,2,0,0,0,0,1,0,1,0,0
17,Megan Brown,10,0,1,115364,2,100,2,0,0,0,0,1,0,0,1,0
18,Frances Davis MD,3,0,1,66379,6,80,4,0,1,0,0,0,0,1,0,0
19,Jonathon Pineda,3,0,1,112439,10,95,3,0,0,0,1,0,0,0,1,0
20,Jennifer Collins,10,1,1,53167,9,100,3,0,1,0,0,0,0,0,1,0
21,Nichole Welch,5,0,1,57546,4,90,4,1,0,0,0,0,0,0,0,1
22,Amber Davis,6,1,1,106352,10,100,4,1,0,0,0,0,1,0,0,0
23,William Clark,4,1,1,107045,8,100,3,0,0,0,1,0,0,0,1,0
24,Taylor Williams,8,1,1,94384,0,100,4,0,0,0,1,0,1,0,0,0
25,Lori Johnson,0,1,1,91064,10,80,4,0,1,0,0,0,1,0,0,0
26,Roy Huang,7,1,1,68447,10,100,2,0,1,0,0,0,1,0,0,0
27,Christopher Ayers,3,1,0,76203,2,60,2,1,0,0,0,0,0,1,0,0
28,Shaun Gomez,1,0,0,41731,5,45,2,0,0,1,0,0,1,0,0,0
29,Claudia Harris,10,1,1,119307,2,100,3,0,1,0,0,0,1,0,0,0
30,Steven Thomas,10,1,1,59926,4,100,2,0,1,0,0,0,0,0,1,0
31,Abigail Watts,4,0,1,84679,10,100,2,0,0,0,0,1,0,0,1,0
32,Logan Mcclure,1,0,1,58606,10,75,3,1,0,0,0,0,0,1,0,0
33,Elizabeth Serrano,8,1,1,51283,4,100,4,0,0,1,0,0,0,0,1,0
34,Maria Glover,9,1,1,99521,4,100,3,1,0,0,0,0,1,0,0,0
35,Sandra Juarez,0,1,1,47001,10,75,3,0,0,1,0,0,0,1,0,0
36,Bradley Cruz,7,1,1,92104,6,100,2,0,0,0,0,1,1,0,0,0
37,Darrell Wilkinson,7,1,1,80936,3,100,2,0,0,1,0,0,1,0,0,0
38,Jason Flores,5,1,1,97505,7,100,3,0,1,0,0,0,0,0,0,1
39,Denise Harper,7,0,1,106469,0,80,2,0,0,0,0,1,0,1,0,0
40,Kim Blake,1,1,1,52364,8,70,2,0,0,0,1,0,0,0,1,0
41,Lindsey Jackson,10,1,1,101108,9,100,2,0,0,0,1,0,0,0,0,1
42,Frances Salazar,1,1,1,51200,10,80,2,0,0,1,0,0,0,1,0,0
43,Justin Ross,3,0,1,66403,10,95,3,0,0,1,0,0,1,0,0,0
44,Denise Ramirez,1,1,1,50397,8,70,2,0,0,0,1,0,0,0,1,0
45,Tanya West,4,1,1,95486,6,95,3,0,0,1,0,0,0,0,1,0
46,Ryan Peters,5,1,1,72756,4,90,2,1,0,0,0,0,0,0,0,1
47,Terry Burns,4,1,1,50602,9,100,4,0,0,0,1,0,0,0,0,1
48,Christopher Stevenson,8,1,1,103477,9,100,2,0,0,0,0,1,0,0,1,0
49,David Nash,1,1,1,46437,9,80,3,0,0,0,1,0,0,0,0,1
50,Christopher Nicholson,5,1,1,89338,1,75,2,0,1,0,0,0,1,0,0,0
51,Kenneth Skinner,5,0,1,45488,9,100,4,0,0,0,0,1,1,0,0,0
52,Dalton Smith,9,0,1,55058,3,100,3,0,0,1,0,0,0,1,0,0
53,James Bailey,1,0,0,54006,4,45,3,0,0,0,1,0,0,0,1,0
54,William Hill,9,1,1,82004,2,100,3,1,0,0,0,0,0,0,1,0
55,James Jones,0,1,0,112663,7,60,3,0,1,0,0,0,0,0,1,0
56,Danielle Drake,1,1,0,56827,4,55,3,1,0,0,0,0,0,1,0,0
57,Rachel Wheeler,3,1,1,49367,3,75,4,1,0,0,0,0,0,0,0,1
58,April Flores,1,1,0,86274,3,55,4,1,0,0,0,0,0,1,0,0
59,Ruth Oconnell,2,0,0,62312,1,35,2,1,0,0,0,0,1,0,0,0
60,Sarah Kane,6,1,1,80278,4,100,2,0,0,0,0,1,0,0,0,1
61,Rebecca Wagner,0,1,1,71804,10,70,2,0,1,0,0,0,1,0,0,0
62,Laura Howell,8,0,1,72780,9,100,4,1,0,0,0,0,0,0,1,0
63,Kevin Miller,9,1,1,84443,3,100,3,0,0,1,0,0,0,0,1,0
64,Joanna Foster,9,0,1,99057,8,100,4,0,0,1,0,0,0,0,0,1
65,Steven Bell II,10,1,1,63516,2,100,4,0,0,0,1,0,0,0,1,0
66,Cynthia Simmons,1,0,0,62647,3,40,3,0,0,0,0,1,0,0,0,1
67,Brittney Mccormick,8,0,1,89042,1,100,4,1,0,0,0,0,0,0,0,1
68,David Mitchell,9,1,1,47919,4,100,4,0,0,1,0,0,1,0,0,0
69,Christopher Reed,9,1,1,81596,3,100,4,0,0,1,0,0,0,1,0,0
70,Jonathan Fowler,1,1,0,43647,1,45,4,0,1,0,0,0,0,0,1,0
71,Taylor Wright,8,1,1,50670,0,100,3,0,0,0,0,1,1,0,0,0
72,Curtis Townsend,0,1,0,60440,7,60,3,0,0,0,1,0,0,1,0,0
73,Scott Kidd,0,1,0,69800,6,60,4,0,0,1,0,0,0,0,1,0
74,Donald Duffy,5,1,1,40914,6,100,2,0,0,0,1,0,0,0,0,1
75,Michael Chapman,9,1,1,111697,4,100,2,1,0,0,0,0,1,0,0,0
76,Carolyn James,4,1,1,88155,8,100,4,0,1,0,0,0,0,0,0,1
77,Timothy Kirby,0,1,0,61332,0,20,2,0,0,1,0,0,0,0,1,0
78,Michael Vasquez,7,0,1,62406,1,95,4,0,0,0,0,1,0,1,0,0
79,Brooke Charles,1,0,0,75420,6,50,2,0,0,0,1,0,1,0,0,0
80,Wesley Rodriguez,6,1,1,82300,4,100,4,1,0,0,0,0,0,0,1,0
81,Jamie Rose,7,0,1,88358,4,100,3,0,0,0,1,0,1,0,0,0
82,Melissa Clark,1,1,1,107085,10,80,2,0,0,0,0,1,0,0,0,1
83,Ryan Moore,9,1,1,51284,4,100,2,0,0,1,0,0,0,0,0,1
84,Shawn Richardson,10,0,1,62710,2,100,3,0,1,0,0,0,1,0,0,0
85,Lisa Navarro,0,1,0,52290,2,35,3,1,0,0,0,0,0,0,0,1
86,Renee Patterson MD,8,0,1,87272,2,100,3,0,0,1,0,0,0,0,0,1
87,Heather Bauer,6,1,1,72143,10,100,4,0,0,1,0,0,0,0,1,0
88,Derek Smith,7,0,1,98548,7,100,2,1,0,0,0,0,1,0,0,0
89,Jose Mclaughlin,5,1,1,102333,10,100,3,0,0,0,0,1,0,0,0,1
90,Christina Johnson,10,0,1,60343,8,100,4,0,0,1,0,0,0,1,0,0
91,David Santos,4,1,1,49331,7,95,2,0,0,0,1,0,1,0,0,0
92,Melissa Salinas,4,1,1,67536,6,95,3,0,0,0,1,0,1,0,0,0
93,Cody Pace,5,1,1,88653,0,75,3,1,0,0,0,0,1,0,0,0
94,Juan Jimenez,0,1,1,87556,10,70,2,1,0,0,0,0,1,0,0,0
95,Madison Dunn,9,1,1,113365,8,100,3,0,1,0,0,0,0,0,0,1
96,Stephen Watkins,1,1,0,97235,4,60,4,1,0,0,0,0,1,0,0,0
97,Dawn Tucker,4,1,1,89633,2,80,4,0,0,0,0,1,1,0,0,0
98,Michelle Benton,6,1,1,109750,9,100,4,0,1,0,0,0,1,0,0,0
99,Shannon Patel,6,1,1,63260,8,100,2,0,0,0,0,1,0,0,1,0
100,Sandra Perkins,6,1,1,67745,3,100,3,1,0,0,0,0,0,0,0,1
101,Sheryl Freeman,1,1,0,85755,3,45,2,0,0,1,0,0,0,1,0,0
102,Elaine Ryan,8,1,1,58775,3,100,2,0,1,0,0,0,0,1,0,0
103,Jonathan Hernandez,2,1,0,49346,3,55,2,0,0,0,1,0,0,1,0,0
104,Emily Williamson,8,0,1,97521,7,100,3,0,0,0,0,1,0,1,0,0
105,Miguel Dunn,5,1,1,81801,1,75,2,0,1,0,0,0,0,0,0,1
106,Natasha Orr,7,1,1,118152,6,100,3,0,1,0,0,0,0,0,1,0
107,David Richardson,9,1,1,105695,0,100,3,0,1,0,0,0,1,0,0,0
108,Michael Lewis,2,1,0,98024,2,55,3,0,1,0,0,0,0,0,1,0
109,Michael Jones,4,0,1,85884,6,85,3,0,1,0,0,0,0,0,1,0
110,Nicole Hunt,7,0,1,107237,3,100,4,0,0,0,1,0,0,1,0,0
111,Austin Hunter,9,1,1,117897,0,100,2,0,1,0,0,0,0,0,0,1
112,Richard Jones MD,5,1,1,59033,4,95,3,0,1,0,0,0,0,0,1,0
113,Sydney Nelson,3,1,1,102054,1,65,4,0,0,0,1,0,0,0,1,0
114,Paula Mills,0,1,0,98413,3,35,2,1,0,0,0,0,1,0,0,0
115,Meagan King,2,1,0,85561,2,50,2,0,0,0,1,0,0,0,0,1
116,Tina Smith,9,0,1,88498,9,100,3,0,0,0,0,1,1,0,0,0
117,Mr. David Boyle,10,0,1,101100,10,100,4,0,1,0,0,0,0,1,0,0
118,Mariah Randolph,5,1,1,72099,10,100,3,0,0,0,0,1,0,0,0,1
119,Sandra Freeman,4,1,1,99599,9,100,3,0,0,0,1,0,0,0,0,1
120,Joseph Carroll,5,1,1,68881,8,100,4,0,0,0,1,0,0,0,0,1
121,Cynthia Espinoza,6,1,1,62463,0,80,2,1,0,0,0,0,0,0,0,1
122,Robert Carey,4,1,1,47581,2,80,4,1,0,0,0,0,1,0,0,0
123,Stephen Mcdonald,7,0,1,91604,3,100,4,0,0,0,0,1,0,1,0,0
124,Haley Gonzalez,1,1,1,74663,9,75,2,0,0,0,0,1,0,0,0,1
125,Jaime Wilson,6,1,1,64025,10,100,3,0,0,0,1,0,0,0,0,1
126,Taylor Cunningham,9,1,1,66133,2,100,2,1,0,0,0,0,0,0,1,0
127,Sophia Bradley,5,1,1,95222,5,100,4,0,0,1,0,0,0,0,1,0
128,Gary Hanson,3,1,0,48726,0,50,2,0,0,0,1,0,1,0,0,0
129,Michael Ingram,8,1,1,111242,5,100,4,1,0,0,0,0,0,1,0,0
130,Shannon Alvarez,3,1,0,91770,0,55,3,1,0,0,0,0,1,0,0,0
131,Jonathan Howard,1,1,0,113470,4,60,4,1,0,0,0,0,1,0,0,0
132,Rebecca Reynolds,0,0,0,103202,3,30,3,1,0,0,0,0,0,0,0,1
133,Eric Gregory,8,1,1,114147,4,100,4,1,0,0,0,0,0,1,0,0
134,Brad Stephens,1,0,0,116556,0,30,4,0,0,0,0,1,0,0,0,1
135,Paul Castro,6,1,1,60828,3,100,4,1,0,0,0,0,1,0,0,0
136,Elizabeth Williamson,7,0,1,42894,0,80,2,1,0,0,0,0,0,1,0,0
137,Mason Jones,4,0,1,114988,5,80,3,0,0,1,0,0,0,1,0,0
138,Jean Clark,10,1,1,88678,3,100,3,0,0,1,0,0,0,0,1,0
139,Tyler Henderson,4,0,1,60868,7,95,4,0,0,1,0,0,0,0,1,0
140,Jamie Robertson,3,1,1,93303,1,65,4,0,0,0,1,0,0,1,0,0
141,Ronald Thomas,3,1,1,64716,2,65,3,1,0,0,0,0,0,0,1,0
142,Ashley Peters,9,1,1,59885,2,100,3,0,1,0,0,0,0,1,0,0
143,Thomas Davis,5,0,1,89620,3,85,4,0,1,0,0,0,0,0,1,0
144,David Krause,10,1,1,83474,0,100,4,0,0,0,1,0,0,1,0,0
145,Tabitha Clark,5,1,1,79333,5,100,3,0,1,0,0,0,1,0,0,0
146,Catherine Garcia,10,1,1,58221,8,100,3,0,0,1,0,0,1,0,0,0
147,Dawn Brown,10,0,1,119703,1,100,4,0,0,0,0,1,0,0,1,0
148,Joshua Hughes,8,1,1,95978,4,100,2,0,0,0,0,1,0,0,1,0
149,Laurie Cervantes,6,1,1,63269,0,85,3,0,1,0,0,0,1,0,0,0
150,Shannon Johnson,9,1,1,83152,2,100,2,1,0,0,0,0,0,0,1,0
151,Karen Peters,3,1,1,118508,7,90,3,0,1,0,0,0,0,1,0,0
152,Jacqueline Lee,6,1,1,99537,10,100,3,0,0,0,0,1,0,0,0,1
153,Dale Williams,7,1,1,62092,2,100,4,0,0,0,0,1,0,0,1,0
154,Victoria Kennedy,7,1,1,65981,0,100,4,0,1,0,0,0,0,0,1,0
155,Brandon Ruiz,5,1,1,53855,8,100,3,0,0,0,1,0,0,1,0,0
156,Anthony Neal,6,0,1,98876,2,90,4,0,0,1,0,0,0,1,0,0
157,Paul Wallace,6,1,1,59082,5,100,4,1,0,0,0,0,0,1,0,0
158,Renee Odonnell DDS,2,0,0,85955,1,40,3,0,0,0,0,1,1,0,0,0
159,Christopher White,6,1,1,113676,9,100,2,1,0,0,0,0,0,1,0,0
160,Margaret Holmes,2,1,0,118103,1,45,2,0,0,0,1,0,0,1,0,0
161,Michael Le,3,1,1,112466,9,95,2,0,0,0,0,1,0,0,1,0
162,Patricia Scott,5,1,1,99076,8,100,2,0,0,1,0,0,0,0,1,0
163,Katie Wall,5,0,1,115234,10,100,2,0,0,1,0,0,0,1,0,0
164,Steven Johnson,1,0,0,76442,2,35,3,0,0,1,0,0,1,0,0,0
165,Rhonda Green,7,1,1,117704,10,100,4,0,0,1,0,0,0,1,0,0
166,Christopher Fletcher,2,0,0,89120,3,45,2,0,0,0,0,1,0,0,1,0
167,Joel Hansen,3,1,1,76100,6,85,3,0,0,1,0,0,1,0,0,0
168,Katherine Cabrera,2,1,1,63016,7,80,3,1,0,0,0,0,0,1,0,0
169,Shawn Schmidt,9,1,1,68144,2,100,4,1,0,0,0,0,0,0,0,1
170,Ruth Prince,7,0,1,98540,0,80,2,0,0,1,0,0,0,0,1,0
171,Scott Gray,8,0,1,44474,1,100,3,0,0,0,1,0,0,1,0,0
172,Lisa Lawson,3,1,1,50781,6,85,3,1,0,0,0,0,0,0,1,0
173,Brenda Crawford,3,1,1,100722,5,80,3,0,1,0,0,0,0,0,0,1
174,Phillip Shaw,9,1,1,69101,8,100,2,0,0,0,0,1,0,0,1,0
175,Lisa Jones,6,0,1,76085,4,100,4,0,0,0,1,0,0,0,1,0
176,Dillon Hoffman,9,1,1,57223,2,100,4,1,0,0,0,0,0,0,1,0
177,Eric Mendez,1,0,0,55836,3,35,2,0,0,0,1,0,0,0,0,1
178,Terry Kaufman,8,1,1,118651,5,100,4,1,0,0,0,0,0,0,1,0
179,Andrea Clark,3,0,1,81415,7,75,2,0,0,0,1,0,1,0,0,0
180,Erin Maynard,8,0,1,65748,4,100,3,0,0,0,1,0,0,1,0,0
181,Jared Gonzalez,6,1,1,54170,7,100,2,0,0,0,0,1,0,0,0,1
182,Stephen Nichols,1,0,1,60495,7,65,4,0,0,0,0,1,0,0,1,0
183,Caleb Tucker,0,0,0,42924,7,45,2,1,0,0,0,0,1,0,0,0
184,Caitlin Turner,5,0,1,89654,3,80,3,0,0,0,0,1,0,0,1,0
185,Justin Myers Jr.,7,1,1,89830,3,100,4,0,0,1,0,0,0,0,0,1
186,Anthony Benson,5,1,1,64162,7,100,4,0,0,0,1,0,0,0,0,1
187,Valerie Morrison,0,1,0,44226,7,55,2,1,0,0,0,0,1,0,0,0
188,Mary Wilson,0,1,0,65417,3,40,3,0,0,0,1,0,1,0,0,0
189,Evelyn Porter,3,1,1,65930,5,85,4,0,0,1,0,0,0,0,1,0
190,Scott Salinas,1,1,1,58162,5,65,4,0,0,0,0,1,0,0,0,1
191,Rachel Bridges,8,1,1,59707,8,100,3,1,0,0,0,0,0,1,0,0
192,Lori Porter,1,1,0,60465,3,45,2,0,0,0,0,1,0,1,0,0
193,Keith Ayers,3,1,1,80393,10,100,3,0,0,0,1,0,1,0,0,0
194,Nicholas Welch,10,0,1,95170,6,100,3,0,0,0,0,1,0,0,1,0
195,Jason Carter,9,1,1,114772,5,100,4,1,0,0,0,0,1,0,0,0
196,Kimberly Anderson,7,0,1,42236,6,100,2,0,1,0,0,0,1,0,0,0
197,John Mendoza,8,0,1,69641,10,100,2,0,0,0,0,1,0,0,1,0
198,Audrey Haynes,1,1,1,68682,7,70,3,0,0,0,0,1,0,0,0,1
199,Zachary Harris,3,1,0,113725,0,55,3,0,0,1,0,0,0,1,0,0
200,Ann Silva,1,1,0,89941,4,50,2,1,0,0,0,0,1,0,0,0
201,Ashley Elliott,8,1,1,102247,8,100,4,0,0,0,1,0,0,1,0,0
202,Thomas Hill,6,1,1,87988,1,85,2,0,0,0,0,1,1,0,0,0
203,Danny Torres,8,0,1,66329,0,95,3,0,1,0,0,0,0,1,0,0
204,Tiffany Koch,1,1,1,42249,7,70,3,0,0,0,0,1,1,0,0,0
205,Rachael Williams,9,1,1,82341,3,100,2,0,0,0,1,0,0,0,0,1
206,Timothy Caldwell,10,0,1,43594,4,100,4,1,0,0,0,0,1,0,0,0
207,Jenny Weaver,7,0,1,116460,10,100,4,0,0,0,1,0,0,1,0,0
208,Shawn Carson,2,1,1,96027,5,65,2,1,0,0,0,0,0,0,0,1
209,Derrick Mendoza,1,1,1,102390,6,70,4,0,0,1,0,0,0,1,0,0
210,Thomas Thompson,2,1,1,90388,4,65,3,0,0,1,0,0,1,0,0,0
211,Cindy Crosby,3,1,1,99842,4,75,3,0,1,0,0,0,0,0,1,0
212,Denise Davenport,7,1,1,96689,3,100,3,0,1,0,0,0,0,1,0,0
213,Wyatt Anderson,2,1,0,94346,1,45,2,0,0,0,1,0,0,0,0,1
214,Peter Patterson,1,1,1,45989,7,65,2,0,1,0,0,0,0,0,0,1
215,Nicholas Brown,3,0,0,41769,3,60,3,0,1,0,0,0,1,0,0,0
216,Gloria Miller,8,1,1,45438,3,100,4,0,0,1,0,0,0,1,0,0
217,Tammy Phillips,7,0,1,82958,10,100,4,1,0,0,0,0,0,0,1,0
218,William Murphy,8,1,1,70446,8,100,4,0,0,0,1,0,1,0,0,0
219,John James,1,0,1,40222,10,80,4,1,0,0,0,0,0,1,0,0
220,Christina Sanchez,10,1,1,99512,2,100,4,0,0,0,0,1,1,0,0,0
221,Keith Ward,9,0,1,77138,0,100,2,0,0,0,0,1,0,1,0,0
222,Mark Skinner,1,1,0,98317,1,35,2,0,0,1,0,0,1,0,0,0
223,James Myers,6,0,1,78872,4,100,4,1,0,0,0,0,1,0,0,0
224,Jon Poole,8,1,1,96786,4,100,2,0,0,1,0,0,0,0,0,1
225,John Weiss,4,1,1,96836,1,70,3,0,0,0,0,1,0,1,0,0
226,Sean Livingston,1,1,0,94563,6,60,2,0,1,0,0,0,0,1,0,0
227,Jacob Long,2,1,1,106472,4,65,3,0,1,0,0,0,0,0,1,0
228,Sarah Christensen,7,0,1,79874,6,100,3,1,0,0,0,0,0,1,0,0
229,Scott Young,3,1,1,43097,8,90,2,0,0,0,0,1,1,0,0,0
230,Christopher Dominguez,2,1,1,102929,10,95,3,0,0,1,0,0,0,1,0,0
231,Thomas Curtis,1,1,0,113921,1,40,3,0,0,0,1,0,1,0,0,0
232,Anita Vega,0,1,1,80517,8,70,4,0,0,1,0,0,0,0,0,1
233,Jennifer Lane,3,1,1,110523,4,70,2,0,0,0,1,0,0,0,1,0
234,Tonya Ellison,9,0,1,76224,5,100,4,0,0,1,0,0,0,0,0,1
235,Robert Guerrero,0,1,0,49774,7,60,3,0,0,0,1,0,0,1,0,0
236,Elizabeth Graham,7,1,1,75572,0,90,2,0,1,0,0,0,0,0,0,1
237,Nancy Brown,1,1,1,80647,8,80,4,0,1,0,0,0,0,1,0,0
238,April Lewis,5,0,1,67218,3,75,2,0,1,0,0,0,0,0,1,0
239,Tiffany Austin,8,1,1,104942,5,100,4,0,0,0,0,1,1,0,0,0
240,Sheila Gonzalez,1,1,0,64383,4,50,2,0,0,1,0,0,0,0,1,0
241,Barbara Bernard,10,1,1,50784,0,100,2,0,0,0,1,0,0,1,0,0
242,Mario Savage,5,1,1,78601,7,100,4,0,1,0,0,0,0,0,1,0
243,Katherine Chase,8,1,1,99288,4,100,3,0,1,0,0,0,0,0,0,1
244,Rodney Diaz,0,1,0,64620,6,50,2,0,1,0,0,0,0,1,0,0
245,Michael Phelps,2,1,1,113947,8,80,2,1,0,0,0,0,1,0,0,0
246,Christine Reyes,2,1,1,119054,8,85,3,1,0,0,0,0,0,0,1,0
247,Daniel Alvarado,7,1,1,63157,4,100,3,0,0,0,1,0,0,1,0,0
248,Ashley Moore,5,1,1,41593,4,95,3,1,0,0,0,0,0,0,1,0
249,Caitlin Shaw,4,1,1,101488,5,95,4,0,0,0,1,0,0,0,0,1
250,James Gibson,2,1,1,113130,8,80,2,0,0,0,1,0,0,0,0,1
251,Timothy Smith,9,1,1,95912,10,100,4,0,1,0,0,0,1,0,0,0
252,Erin Maynard,7,1,1,51478,9,100,4,0,0,1,0,0,1,0,0,0
253,Sherry Mcgrath,8,0,1,75976,1,100,3,0,0,0,0,1,1,0,0,0
254,Juan Velez,2,0,0,116999,2,40,2,0,1,0,0,0,0,0,1,0
255,Sara Collins,7,1,1,90437,5,100,4,0,0,0,1,0,0,0,0,1
256,Kathleen Foster,6,1,1,72164,4,100,3,0,1,0,0,0,1,0,0,0
257,Paul Williams,9,0,1,54990,1,100,3,0,0,1,0,0,0,0,0,1
258,Jasmine Cole,8,1,1,90950,10,100,2,1,0,0,0,0,0,1,0,0
259,Bryan Wright,0,1,0,113435,2,35,3,0,1,0,0,0,0,0,1,0
260,Dr. Samantha Hill MD,8,1,1,78090,6,100,3,0,1,0,0,0,1,0,0,0
261,Steven Hull,7,1,1,71756,2,100,2,1,0,0,0,0,1,0,0,0
262,Eduardo Wilson,1,1,1,59652,10,85,3,0,0,0,0,1,0,1,0,0
263,Bryan Scott,10,1,1,86663,2,100,2,1,0,0,0,0,1,0,0,0
264,Jessica Burnett,0,1,0,77225,1,25,2,0,0,1,0,0,1,0,0,0
265,Kim Brown,1,1,0,97459,0,35,3,0,0,0,1,0,1,0,0,0
266,Maria Green MD,7,1,1,99118,1,95,2,0,0,0,1,0,1,0,0,0
267,Gregory Rogers,0,1,0,74792,5,45,2,0,0,1,0,0,0,1,0,0
268,Nathaniel Yoder,10,1,1,89543,5,100,2,0,1,0,0,0,0,0,0,1
269,Paul Lozano,8,1,1,109019,8,100,4,0,0,1,0,0,0,0,1,0
270,Jerry Allen,9,1,1,94447,4,100,4,0,0,0,0,1,0,1,0,0
271,Amy Poole,0,1,0,43642,7,60,3,0,0,0,0,1,0,0,1,0
272,Laura Garcia,0,0,0,47079,8,50,2,1,0,0,0,0,0,1,0,0
273,Cassandra Ford,2,1,0,48427,1,45,2,0,0,0,0,1,0,1,0,0
274,Ricky Morris,8,0,1,75898,3,100,3,0,0,0,1,0,1,0,0,0
275,Jon Hall,3,1,1,102962,7,85,2,0,0,1,0,0,0,1,0,0
276,Amber Brown,7,1,1,48195,0,90,2,0,0,0,0,1,1,0,0,0
277,Dr. Antonio Martinez,3,1,0,71310,1,60,3,0,0,0,1,0,0,0,1,0
278,Dwayne Taylor,4,1,1,90345,7,100,4,0,1,0,0,0,0,0,0,1
279,Trevor Freeman,6,1,1,53165,8,100,3,0,0,1,0,0,0,1,0,0
280,Kristen Santana,0,1,0,73914,1,25,2,0,0,0,0,1,0,0,1,0
281,Rachael Hayes,10,1,1,48829,5,100,3,0,0,1,0,0,0,0,0,1
282,Gary Gonzalez,9,1,1,99238,1,100,4,0,0,0,1,0,1,0,0,0
283,Mrs. Ashley Stanley,0,1,1,67037,9,75,4,0,0,1,0,0,1,0,0,0
284,Sonia Mendoza,3,0,0,82959,3,55,2,1,0,0,0,0,1,0,0,0
285,Tara Williams,7,0,1,104891,2,90,2,0,1,0,0,0,0,0,1,0
286,Joanna Little,2,1,1,117219,5,70,3,0,0,0,0,1,0,1,0,0
287,Emily Sanchez,2,0,0,96229,1,45,4,0,0,0,1,0,0,0,0,1
288,Rebecca Lewis,10,0,1,92689,8,100,3,0,1,0,0,0,0,0,1,0
289,Jonathan Andrews,2,0,1,82012,7,75,4,0,0,1,0,0,0,0,1,0
290,Martin Dean,6,1,1,61633,4,100,2,0,0,0,1,0,0,1,0,0
291,Olivia Montgomery,2,1,1,73596,9,85,2,0,0,0,0,1,1,0,0,0
292,Amanda Watson,2,1,0,104195,3,60,3,1,0,0,0,0,0,1,0,0
293,Katelyn Hopkins,6,0,1,50393,5,100,3,0,1,0,0,0,0,0,1,0
294,Jeremy Shaw,4,0,1,98181,8,100,4,1,0,0,0,0,0,0,0,1
295,Nathan Williams,9,1,1,117784,3,100,4,0,0,0,1,0,1,0,0,0
296,Jacqueline Frederick,2,0,1,84282,6,70,4,1,0,0,0,0,0,0,1,0
297,Robert Cook,2,1,0,108144,2,60,4,1,0,0,0,0,0,1,0,0
298,Jerome Schmitt,8,1,1,104087,4,100,4,0,0,0,1,0,0,1,0,0
299,Scott Coleman,6,1,1,80534,6,100,2,0,1,0,0,0,0,0,1,0
300,Robin Mcgrath,1,0,1,88349,10,75,3,0,0,1,0,0,1,0,0,0
301,Kristen Maynard,10,1,1,71601,9,100,2,0,0,1,0,0,0,1,0,0
302,Denise Collins,5,1,1,94954,10,100,4,0,0,0,0,1,0,0,0,1
303,Amber Dalton,2,1,1,72948,10,100,4,0,0,0,0,1,1,0,0,0
304,Carlos Goodwin,8,1,1,89808,10,100,2,1,0,0,0,0,1,0,0,0
305,Tina Howard,6,1,1,52824,9,100,3,1,0,0,0,0,0,0,1,0
306,Nathaniel Terry,1,0,1,88441,10,75,3,0,0,0,1,0,0,0,0,1
307,Jessica Campbell,4,1,1,114573,8,100,3,1,0,0,0,0,0,0,1,0
308,Andrew Shaw,1,1,1,112556,7,65,2,0,0,0,1,0,0,0,1,0
309,Stephen Lopez,6,1,1,106433,0,80,2,0,1,0,0,0,0,0,1,0
310,Megan Cox,3,0,1,63531,8,80,2,0,1,0,0,0,0,0,0,1
311,Richard Kelly,0,0,0,82635,7,50,3,0,1,0,0,0,0,1,0,0
312,Benjamin Rivera,6,1,1,99502,8,100,4,1,0,0,0,0,0,0,1,0
313,Laura Stewart,1,1,0,52288,1,45,4,0,0,0,0,1,0,0,1,0
314,Ronald Luna,5,1,1,106464,5,95,2,0,0,1,0,0,0,0,0,1
315,Robert Thompson,10,1,1,97006,5,100,4,0,0,1,0,0,0,1,0,0
316,Joseph Rojas,1,1,1,78344,10,85,3,0,0,0,1,0,0,1,0,0
317,Richard Padilla,2,0,0,59121,4,60,4,1,0,0,0,0,0,1,0,0
318,Heather Savage,2,1,1,55376,7,80,3,0,1,0,0,0,0,0,1,0
319,Elizabeth Chavez,9,1,1,101293,0,100,3,0,0,1,0,0,1,0,0,0
320,Scott Richardson,0,1,1,53699,8,70,4,0,1,0,0,0,0,0,0,1
321,Jerome Sampson,5,1,1,114879,8,100,2,0,0,0,1,0,0,0,1,0
322,Jennifer Padilla,5,1,1,102150,3,95,4,0,0,1,0,0,0,1,0,0
323,Malik Burns,5,0,1,73559,10,100,2,0,1,0,0,0,0,0,1,0
324,Brandon Monroe,8,1,1,93214,2,100,2,0,1,0,0,0,0,1,0,0
325,Heather Mcdonald,3,1,1,98746,4,75,3,0,0,0,0,1,0,0,0,1
326,William Bryant,3,1,1,44012,10,100,2,0,0,0,1,0,0,0,1,0
327,Abigail Brock,9,0,1,93707,0,100,3,0,1,0,0,0,0,0,1,0
328,Maria Perez PhD,4,0,1,52722,9,100,3,0,0,0,1,0,0,1,0,0
329,William Casey,7,1,1,65733,0,95,3,0,1,0,0,0,0,0,0,1
330,Bryan Clayton,0,1,0,62201,5,55,4,0,0,0,0,1,0,1,0,0
331,James Murphy,7,1,1,115275,5,100,2,0,0,1,0,0,0,0,0,1
332,Brett Mills,1,1,1,61616,9,85,4,0,1,0,0,0,0,0,1,0
333,Kimberly Thompson,5,1,1,79405,4,90,2,0,0,0,0,1,1,0,0,0
334,William Walker,2,1,0,54759,1,50,3,1,0,0,0,0,0,1,0,0
335,Natalie King,7,1,1,91922,0,90,2,0,0,1,0,0,0,1,0,0
336,Sergio Scott,10,1,1,69145,4,100,4,1,0,0,0,0,0,0,0,1
337,Carlos Park,2,1,1,65012,6,70,2,0,0,0,1,0,1,0,0,0
338,Stacie Pitts,7,1,1,45278,8,100,2,0,0,0,1,0,0,0,0,1
339,Jose Kirk,4,0,0,75555,0,60,4,0,1,0,0,0,0,1,0,0
340,John Alvarez,0,1,0,90362,8,60,2,0,1,0,0,0,0,0,1,0
341,Austin Saunders,0,0,0,89148,8,50,2,1,0,0,0,0,0,0,0,1
342,Shannon Page,8,1,1,100345,0,100,4,0,0,0,1,0,0,0,1,0
343,Dylan Keller,7,1,1,62487,8,100,3,1,0,0,0,0,1,0,0,0
344,Stephanie Mosley,3,0,1,55213,9,85,2,0,0,0,1,0,0,1,0,0
345,Whitney Thompson,1,1,1,79991,10,90,4,0,0,1,0,0,0,0,1,0
346,Isabel Williams,6,1,1,89696,10,100,4,0,0,0,1,0,0,1,0,0
347,Jessica Ruiz,0,1,1,102527,7,65,4,0,0,0,1,0,0,1,0,0
348,Jamie Arnold,3,0,1,96280,9,90,3,1,0,0,0,0,0,0,0,1
349,Ashley Gardner,1,1,0,108606,3,45,2,0,0,0,1,0,0,0,1,0
350,Shannon Young,2,0,1,115687,7,65,2,0,0,1,0,0,0,1,0,0
351,George Hansen,1,1,0,65217,6,60,2,0,0,1,0,0,0,1,0,0
352,Tanya Lloyd,0,0,0,94099,0,20,4,0,0,1,0,0,0,0,0,1
353,Morgan Mueller,9,0,1,45043,5,100,4,0,0,0,0,1,0,0,1,0
354,Anthony Wheeler,0,1,0,116661,3,40,3,0,1,0,0,0,0,0,1,0
355,Isabella Long,8,1,1,73142,9,100,2,1,0,0,0,0,1,0,0,0
356,Vincent Daniel,7,1,1,75507,7,100,4,1,0,0,0,0,1,0,0,0
357,Mrs. Debbie Jackson,0,1,1,81970,10,70,2,0,0,0,0,1,1,0,0,0
358,Mr. Juan Barron DDS,4,1,1,59448,9,100,4,0,0,0,1,0,0,0,0,1
359,Debra Franco,6,0,1,58016,2,85,3,0,0,1,0,0,0,0,1,0
360,Nicole Randolph,0,0,0,97659,4,30,2,0,1,0,0,0,0,1,0,0
361,James Cline,2,1,0,76342,4,60,2,0,0,1,0,0,0,1,0,0
362,April West,7,1,1,103102,2,100,4,0,1,0,0,0,0,1,0,0
363,Stephanie Edwards,3,0,1,41272,6,70,2,1,0,0,0,0,0,0,0,1
364,Paula Harrison,1,1,0,40186,1,45,4,1,0,0,0,0,1,0,0,0
365,Breanna Moore,4,1,1,82848,5,90,3,0,0,1,0,0,0,0,0,1
366,Tristan Burgess PhD,5,1,1,82093,9,100,2,0,0,1,0,0,1,0,0,0
367,Christina Perez,2,0,0,60533,2,45,3,1,0,0,0,0,0,1,0,0
368,Mike Miller,5,0,1,55494,8,100,2,0,1,0,0,0,1,0,0,0
369,Shelly Mann,6,1,1,53984,7,100,2,0,0,0,1,0,0,0,1,0
370,Jose Young,10,0,1,91447,5,100,3,0,1,0,0,0,0,1,0,0
371,Timothy Johnson,7,0,1,100195,6,100,3,0,0,0,0,1,0,0,0,1
372,Donald Lawson,3,0,0,118891,0,45,3,1,0,0,0,0,0,0,0,1
373,Crystal Parker,4,1,1,45733,9,100,3,0,0,0,0,1,1,0,0,0
374,Amanda Thomas,10,1,1,51113,0,100,4,0,0,1,0,0,0,0,0,1
375,Thomas Lee,3,1,1,75300,5,80,3,1,0,0,0,0,0,1,0,0
376,Jennifer Love,1,1,0,57375,2,45,3,0,0,1,0,0,0,1,0,0
377,Breanna Barrett,8,1,1,71077,7,100,2,1,0,0,0,0,0,0,0,1
378,Jacob White,0,1,1,97987,10,75,3,1,0,0,0,0,0,0,1,0
379,Zachary Lynch,8,1,1,118157,10,100,2,1,0,0,0,0,0,0,1,0
380,Mr. Keith Smith,2,1,1,69741,10,100,4,0,1,0,0,0,0,0,1,0
381,James Allen,10,1,1,77860,1,100,4,0,0,1,0,0,1,0,0,0
382,Diana Lewis,3,1,1,112201,6,85,3,0,0,1,0,0,1,0,0,0
383,David Wilkerson,8,1,1,80736,2,100,3,0,1,0,0,0,1,0,0,0
384,Melissa Wheeler,4,0,1,94202,4,80,4,0,1,0,0,0,1,0,0,0
385,Elijah Mcmillan,6,1,1,114890,7,100,2,0,1,0,0,0,0,0,0,1
386,Wendy Ferguson,10,1,1,108070,1,100,3,1,0,0,0,0,0,1,0,0
387,Xavier Wheeler,1,1,0,60718,1,40,3,0,1,0,0,0,1,0,0,0
388,Linda Hardy,10,1,1,95050,2,100,3,0,0,1,0,0,0,0,0,1
389,Pamela Dillon MD,10,1,1,85192,2,100,3,0,0,0,1,0,1,0,0,0
390,Miguel Robbins,1,1,0,84131,3,55,4,0,0,0,0,1,0,0,1,0
391,Jordan Matthews,8,0,1,64722,1,95,2,0,0,0,1,0,1,0,0,0
392,Tyler Fischer,9,0,1,107875,5,100,2,0,0,1,0,0,1,0,0,0
393,Jack Hall,9,1,1,76157,8,100,3,0,1,0,0,0,0,0,0,1
394,Victor Braun,6,0,1,46741,1,80,3,0,0,0,0,1,0,0,1,0
395,Donald Morales,8,1,1,65345,8,100,4,0,1,0,0,0,1,0,0,0
396,Elizabeth Hernandez,3,1,0,89716,1,55,2,0,1,0,0,0,0,0,0,1
397,Leah Cain,3,1,0,93900,0,60,4,0,0,1,0,0,0,0,1,0
398,Allison Hoffman,1,0,1,95656,9,65,2,0,0,0,0,1,0,1,0,0
399,Danielle Davis,1,1,0,79404,4,55,3,0,0,0,1,0,0,0,1,0
400,Jacob Peterson,5,0,1,56104,6,100,4,0,1,0,0,0,1,0,0,0
401,Christopher Chandler DVM,5,1,1,59821,5,100,3,0,0,0,1,0,0,1,0,0
402,Sarah Gomez,6,0,1,102518,7,100,4,1,0,0,0,0,0,1,0,0
403,Carlos Dawson,10,1,1,61659,10,100,4,0,1,0,0,0,0,1,0,0
404,Gregg Barber,0,1,0,114745,6,55,3,0,0,1,0,0,0,0,1,0
405,Kyle Contreras,3,0,1,103993,9,90,3,0,0,0,1,0,0,1,0,0
406,Jon Craig,1,1,1,105524,9,80,3,1,0,0,0,0,0,0,0,1
407,Tiffany Rogers,8,1,1,102267,6,100,3,0,0,0,1,0,1,0,0,0
408,Gregory Beard,4,1,1,72225,6,95,3,0,0,0,1,0,1,0,0,0
409,Timothy Fitzgerald,3,0,1,97811,6,70,2,0,0,0,1,0,0,1,0,0
410,Raymond Perez,0,1,1,118756,9,65,2,0,0,0,0,1,0,0,1,0
411,Jeffrey Cannon,5,1,1,101471,0,70,2,0,0,0,1,0,0,0,1,0
412,Kent Davis,4,0,0,87051,0,50,2,0,0,0,0,1,0,1,0,0
413,Alex Valdez,4,1,1,53412,0,65,3,0,0,0,1,0,0,0,0,1
414,Jonathan Lewis,1,1,1,64694,9,80,3,0,0,0,1,0,1,0,0,0
415,James Reyes,5,1,1,85526,1,75,2,1,0,0,0,0,0,0,0,1
416,Kathryn Carter,7,1,1,55916,6,100,4,0,0,0,0,1,0,0,0,1
417,Amanda Burke,1,1,0,86355,4,60,4,0,0,0,1,0,0,0,1,0
418,James Bell,5,0,1,112155,0,70,4,0,1,0,0,0,0,0,1,0
419,Valerie Clark,2,1,1,58438,6,80,4,0,0,0,1,0,0,0,1,0
420,Joseph Richards,1,1,1,65313,7,70,3,0,1,0,0,0,0,1,0,0
421,Megan Smith,6,0,1,59504,1,80,3,0,0,0,1,0,0,1,0,0
422,Stephen Mason,2,1,1,83979,5,65,2,0,1,0,0,0,0,0,1,0
423,Zachary Cohen,8,1,1,108667,0,100,4,1,0,0,0,0,1,0,0,0
424,Cristian Hernandez,7,1,1,59061,6,100,4,0,1,0,0,0,0,0,0,1
425,David Smith,3,1,1,41891,4,70,2,0,1,0,0,0,0,0,0,1
426,Molly Brewer,4,0,1,61931,8,100,4,1,0,0,0,0,1,0,0,0
427,Robert Cameron,7,1,1,81422,10,100,3,0,0,0,1,0,0,1,0,0
428,George Mills,5,0,1,74711,8,100,2,0,0,0,0,1,0,0,0,1
429,Anna Morrison,5,1,1,61038,9,100,2,0,0,1,0,0,0,1,0,0
430,Karen Wright,10,1,1,55716,0,100,3,0,0,0,0,1,0,0,1,0
431,John Owens,4,1,1,52692,10,100,2,0,1,0,0,0,1,0,0,0
432,Kent Ward,2,1,1,100524,5,65,2,0,1,0,0,0,0,1,0,0
433,Michael Randall,7,1,1,49907,4,100,3,0,0,1,0,0,0,0,0,1
434,Kathryn Shea,3,1,1,71138,8,100,4,0,0,0,0,1,0,0,0,1
435,Brenda Haney,5,0,1,93770,7,100,4,1,0,0,0,0,0,1,0,0
436,Maria Manning,7,1,1,104836,5,100,3,0,0,1,0,0,0,0,1,0
437,David Collins,0,1,0,47445,2,35,3,0,0,0,0,1,0,0,0,1
438,George Clark,3,1,1,77893,10,100,4,0,0,0,0,1,0,0,1,0
439,Willie Castaneda,9,1,1,79610,1,100,2,0,1,0,0,0,0,0,0,1
440,William Barnes,6,1,1,83118,3,95,2,0,0,0,1,0,0,0,0,1
441,Zoe King,9,1,1,105724,10,100,3,0,0,0,1,0,0,0,1,0
442,Benjamin Ward,5,0,1,40736,6,90,2,0,0,0,1,0,0,1,0,0
443,Jason Cummings,7,1,1,79303,6,100,3,0,0,0,1,0,0,0,1,0
444,Daniel Cline,4,0,1,46950,7,95,4,0,1,0,0,0,0,0,0,1
445,Debbie Duffy,4,1,1,92781,0,65,3,0,0,0,0,1,0,0,0,1
446,Melissa Lowe,10,1,1,75477,6,100,2,1,0,0,0,0,0,0,0,1
447,Susan Warren,10,0,1,95290,0,100,3,0,0,0,1,0,1,0,0,0
448,Amber Parker,8,0,1,40162,7,100,2,1,0,0,0,0,0,0,1,0
449,Tracy Dalton,6,1,1,115386,4,100,3,0,1,0,0,0,0,0,0,1
450,Nicholas Hutchinson,0,0,0,81417,0,15,3,0,0,1,0,0,0,0,0,1
451,Thomas Hood,10,1,1,92197,5,100,3,1,0,0,0,0,0,1,0,0
452,William Parker V,8,1,1,100425,0,100,3,1,0,0,0,0,0,0,1,0
453,Michael Krueger,5,0,1,49176,8,100,3,0,0,0,1,0,0,0,0,1
454,Jordan Cook,3,1,1,63179,9,100,4,1,0,0,0,0,0,0,0,1
455,Michael George,8,1,1,83833,8,100,2,0,1,0,0,0,0,0,0,1
456,Joshua Bennett,0,1,1,119583,8,70,4,0,0,1,0,0,1,0,0,0
457,Paul Wallace,6,1,1,80085,10,100,4,0,0,0,1,0,0,1,0,0
458,Keith Hayes,6,0,1,85029,9,100,2,0,0,0,0,1,0,1,0,0
459,Scott Fisher,4,1,1,104969,8,100,2,0,1,0,0,0,0,0,0,1
460,Brandon Reyes,6,1,1,88432,4,100,3,0,1,0,0,0,1,0,0,0
461,Jamie Smith,9,1,1,67341,8,100,3,0,0,0,1,0,1,0,0,0
462,Daniel Ruiz,1,1,1,102085,6,65,3,0,0,1,0,0,0,1,0,0
463,Dominic Warren,8,1,1,116934,10,100,2,1,0,0,0,0,1,0,0,0
464,Travis Thompson,0,1,0,109551,3,35,2,0,0,1,0,0,0,0,0,1
465,Steven White,10,1,1,71504,6,100,2,0,0,1,0,0,0,1,0,0
466,Jessica Trevino,4,1,1,61757,2,80,4,0,0,0,1,0,1,0,0,0
467,Monica Armstrong,5,1,1,75037,10,100,4,1,0,0,0,0,1,0,0,0
468,Margaret Turner,3,0,1,105166,5,75,4,0,0,0,0,1,0,1,0,0
469,Renee West,2,1,1,62255,7,80,3,0,0,0,1,0,0,0,0,1
470,Samuel Lawson,4,1,1,72233,9,100,2,1,0,0,0,0,1,0,0,0
471,Dana Gibson,8,1,1,44783,10,100,4,0,0,0,0,1,1,0,0,0
472,Claire Harris,1,0,0,84161,6,60,4,0,0,0,0,1,0,0,1,0
473,Carolyn Willis,0,1,0,40720,2,35,3,0,0,0,1,0,1,0,0,0
474,Mary Taylor,9,0,1,114686,0,100,3,0,1,0,0,0,0,0,1,0
475,Morgan Bennett,2,1,1,108247,6,80,4,0,0,0,1,0,0,0,1,0
476,Christina Oneal,10,1,1,89482,5,100,2,0,0,0,1,0,0,0,1,0
477,Carrie Wright,1,0,0,58515,6,55,3,0,1,0,0,0,0,0,1,0
478,Beth Harper,8,1,1,75286,10,100,2,0,0,0,1,0,0,0,1,0
479,Johnny Arias,10,1,1,56891,0,100,4,0,0,1,0,0,0,1,0,0
480,Daniel Montgomery,1,1,0,104811,1,35,2,1,0,0,0,0,0,0,1,0
481,Andrew Moore,0,1,0,116814,5,50,3,0,0,0,1,0,0,0,1,0
482,Douglas Sampson,2,1,1,59397,10,100,4,0,1,0,0,0,0,1,0,0
483,Jodi Franklin,10,1,1,76012,1,100,3,0,0,0,1,0,0,0,0,1
484,Ann Morgan,5,1,1,113331,8,100,3,0,0,1,0,0,0,1,0,0
485,Laurie Wilson,10,1,1,103925,9,100,4,0,0,0,1,0,0,0,0,1
486,Matthew Gregory,8,0,1,69766,1,95,2,1,0,0,0,0,0,1,0,0
487,Eric Hill,6,1,1,83470,2,90,2,0,1,0,0,0,0,1,0,0
488,Alyssa Thomas,10,0,1,63362,6,100,3,0,0,0,1,0,1,0,0,0
489,Lindsay Christian,1,1,1,49305,9,85,4,0,0,1,0,0,0,0,0,1
490,Deborah Ramirez,3,0,1,104405,9,95,4,0,0,0,0,1,0,0,1,0
491,Sheri Dickerson,0,1,1,88256,9,70,3,0,0,0,0,1,1,0,0,0
492,Kevin Moreno,10,1,1,117566,8,100,3,1,0,0,0,0,0,0,0,1
493,Brian Dodson,2,1,1,106032,10,95,3,0,0,0,0,1,0,0,1,0
494,Paula Fletcher,6,1,1,116481,8,100,3,0,1,0,0,0,0,0,1,0
495,Dawn Price,6,1,1,119018,0,90,4,0,1,0,0,0,0,0,0,1
496,Regina English,3,1,1,79930,9,100,3,1,0,0,0,0,0,0,1,0
497,Darrell Morris,7,1,1,61624,1,100,4,0,1,0,0,0,0,1,0,0
498,Matthew Reynolds,8,1,1,115051,2,100,2,0,0,1,0,0,0,0,0,1
499,Jill Combs,8,1,1,61601,7,100,4,0,0,1,0,0,0,0,0,1
500,Kyle Cole,3,1,0,67414,0,60,4,0,1,0,0,0,0,0,0,1
501,Christine Beck,9,1,1,112005,10,100,4,0,0,0,0,1,1,0,0,0
502,Samantha Evans,5,1,1,53097,0,80,4,0,0,0,1,0,1,0,0,0
503,Eric Pena,7,0,1,54552,2,100,4,0,1,0,0,0,0,0,1,0
504,Alex Morgan,4,0,0,116278,0,50,2,0,0,1,0,0,0,1,0,0
505,Jon Moore,1,1,0,118312,4,55,3,0,0,1,0,0,0,0,0,1
506,Robert Aguilar,0,1,0,63561,5,45,2,0,0,0,0,1,0,1,0,0
507,Danielle Rollins,7,1,1,74451,9,100,3,1,0,0,0,0,1,0,0,0
508,Eric Bush,5,1,1,91581,4,90,2,0,1,0,0,0,0,0,1,0
509,Lisa Doyle,9,1,1,59856,2,100,2,0,0,0,0,1,1,0,0,0
510,Cody Harris,7,0,1,47840,0,80,2,0,0,0,0,1,0,1,0,0
511,Roger Lewis,9,1,1,80779,5,100,4,0,1,0,0,0,0,1,0,0
512,Pamela Foster,9,1,1,73181,5,100,4,0,0,0,1,0,0,1,0,0
513,Monica Allison,1,1,1,74376,9,80,3,0,1,0,0,0,0,1,0,0
514,David Cruz,0,1,0,77105,4,50,4,0,0,1,0,0,0,1,0,0
515,John Braun,1,0,1,107509,10,80,4,1,0,0,0,0,0,0,0,1
516,Ryan Smith,9,0,1,102113,6,100,2,1,0,0,0,0,0,0,0,1
517,Joseph Chapman,9,1,1,95141,7,100,4,0,0,0,1,0,0,0,0,1
518,Renee Hayes,4,1,1,56684,5,85,2,1,0,0,0,0,0,1,0,0
519,Karen Weiss,2,1,0,90151,1,50,3,1,0,0,0,0,0,0,0,1
520,Elizabeth Mcmillan,9,1,1,113497,5,100,3,0,0,0,0,1,0,0,0,1
521,Kimberly Carpenter,2,1,0,80377,1,50,3,0,0,0,0,1,1,0,0,0
522,Heather Booker,9,0,1,108379,10,100,3,1,0,0,0,0,1,0,0,0
523,Ronald Griffith,8,1,1,40945,4,100,4,0,1,0,0,0,0,1,0,0
524,Glenn Kelley,0,1,0,63564,6,55,3,1,0,0,0,0,0,0,1,0
525,Christina Hester,7,1,1,47957,7,100,2,1,0,0,0,0,0,0,0,1
526,Jenna Burnett,7,0,1,50704,0,80,2,0,0,0,0,1,0,1,0,0
527,Mary Abbott,1,0,0,91756,1,30,3,0,0,0,0,1,0,0,0,1
528,Cheryl Morton,0,1,1,99469,9,70,3,0,1,0,0,0,0,1,0,0
529,Kyle Johnson,6,1,1,117621,5,100,4,0,0,1,0,0,0,0,1,0
530,Denise Cruz,4,1,1,48906,7,100,4,0,0,1,0,0,1,0,0,0
531,Crystal Parker,5,0,1,79635,9,100,3,0,0,1,0,0,0,0,1,0
532,Eddie Hutchinson,7,1,1,55994,2,100,2,1,0,0,0,0,0,0,1,0
533,Sierra Edwards,5,1,1,41530,0,70,2,0,0,1,0,0,0,0,0,1
534,Peter Mcmahon,5,1,1,69257,0,80,4,0,0,0,1,0,0,0,1,0
535,Alexandra Gilbert,2,0,0,64118,0,30,2,1,0,0,0,0,0,1,0,0
536,Heather Watson,4,0,1,108770,10,100,2,0,0,0,0,1,0,0,0,1
537,Carlos Ochoa,8,1,1,63268,7,100,4,0,1,0,0,0,0,0,0,1
538,Jill Williams,4,0,1,59560,5,80,3,1,0,0,0,0,1,0,0,0
539,Jessica Doyle,9,1,1,82288,0,100,3,0,0,1,0,0,0,0,0,1
540,Felicia Wright,6,1,1,64338,10,100,4,0,0,0,0,1,1,0,0,0
541,Michael Santos,5,1,1,111578,9,100,4,0,0,1,0,0,0,0,0,1
542,Angie Roberts,6,1,1,89840,2,95,3,0,1,0,0,0,0,0,1,0
543,Harold Acevedo,3,0,1,112003,7,80,3,0,1,0,0,0,0,0,0,1
544,Sarah Jones,6,1,1,119478,2,90,2,1,0,0,0,0,0,1,0,0
545,Jeffrey Smith,7,1,1,43930,8,100,2,0,1,0,0,0,0,0,1,0
546,Marcus Ramirez,10,1,1,81778,4,100,3,1,0,0,0,0,0,0,0,1
547,Christy Ramirez,1,0,0,105641,2,30,2,0,0,0,1,0,1,0,0,0
548,Rhonda Mendoza,7,1,1,78218,10,100,3,0,0,1,0,0,0,0,1,0
549,Heather Lewis,3,1,1,115553,9,100,4,0,0,1,0,0,0,1,0,0
550,Adrian Marshall,3,1,1,71785,7,90,3,0,0,0,0,1,1,0,0,0
551,Rebecca Kirby,9,1,1,64063,9,100,4,0,1,0,0,0,0,0,1,0
552,Kirsten Smith,5,0,1,89191,3,85,4,1,0,0,0,0,0,0,0,1
553,Timothy Duncan,5,1,1,104955,0,80,4,0,0,0,0,1,1,0,0,0
554,Barbara Turner,7,1,1,58910,7,100,4,0,0,1,0,0,0,0,0,1
555,Frank Hale,1,1,0,55166,4,60,4,1,0,0,0,0,0,0,1,0
556,James Brooks Jr.,1,0,0,50422,1,35,4,0,0,0,0,1,0,0,0,1
557,Jennifer Smith,10,1,1,51159,8,100,3,0,0,0,1,0,0,1,0,0
558,Jessica Campbell,7,1,1,99741,0,95,3,0,1,0,0,0,0,0,1,0
559,Zachary Parker,0,0,1,92175,10,70,4,0,0,0,1,0,0,1,0,0
560,Thomas Hawkins,1,1,0,65601,5,55,2,0,0,0,0,1,0,1,0,0
561,William Hanson,5,1,1,105979,3,85,2,0,1,0,0,0,1,0,0,0
562,Rachel Cherry,10,1,1,98659,6,100,2,0,0,0,0,1,1,0,0,0
563,Dr. Thomas Hernandez,0,0,0,40400,0,15,3,0,0,0,1,0,1,0,0,0
564,Sue Young,6,1,1,103874,5,100,3,1,0,0,0,0,0,0,0,1
565,Robyn Griffin,10,0,1,82245,2,100,2,0,0,0,0,1,0,1,0,0
566,Kaitlin Roman,5,1,1,55964,5,95,2,1,0,0,0,0,0,0,1,0
567,Julie Thompson,9,1,1,81897,4,100,4,0,0,0,1,0,0,0,0,1
568,Hunter Dalton,3,1,1,105280,9,95,2,0,0,1,0,0,0,0,0,1
569,Zachary Ross,8,1,1,71624,8,100,3,0,0,0,0,1,0,1,0,0
570,Gabriel Torres,2,1,0,83223,4,60,2,0,0,1,0,0,0,0,0,1
571,Michael Smith,9,0,1,87232,0,100,4,0,0,0,1,0,1,0,0,0
572,Steven Wagner,7,0,1,47698,8,100,3,0,1,0,0,0,0,0,1,0
573,Anna May,4,1,1,54116,10,100,2,1,0,0,0,0,0,0,0,1
574,Billy Baker,1,1,1,85905,7,70,3,1,0,0,0,0,1,0,0,0
575,Michelle King,6,0,1,94810,7,100,2,0,0,1,0,0,0,1,0,0
576,James Johnson,5,0,1,65003,1,65,2,1,0,0,0,0,0,0,1,0
577,Clarence Hernandez,8,1,1,73325,2,100,4,1,0,0,0,0,0,0,0,1
578,Timothy Wong,8,1,1,65676,0,100,3,0,0,0,1,0,0,0,0,1
579,Christopher Mcconnell,3,1,1,52454,9,100,4,0,0,1,0,0,0,0,0,1
580,John Wilson,1,1,0,50848,4,50,2,0,1,0,0,0,0,0,1,0
581,Maria Torres,0,1,0,71169,4,45,3,0,1,0,0,0,0,0,1,0
582,Samantha Rodriguez,5,1,1,70378,8,100,2,1,0,0,0,0,0,0,0,1
583,Brian Dean,5,1,1,76165,8,100,2,0,0,0,0,1,0,0,0,1
584,Jonathan Baxter,5,0,1,114286,6,90,2,1,0,0,0,0,1,0,0,0
585,Andrew Santiago,6,1,1,66802,1,90,3,0,0,0,1,0,0,1,0,0
586,Bridget Williams,1,1,0,108308,4,50,2,0,0,1,0,0,1,0,0,0
587,Gary Glenn,9,1,1,112067,2,100,3,0,0,0,1,0,0,0,1,0
588,Samantha Jackson,3,1,1,45475,3,70,3,0,1,0,0,0,0,1,0,0
589,Katherine Perry,10,1,1,49673,5,100,2,0,0,1,0,0,0,0,0,1
590,Brenda Stein,3,1,0,45271,2,60,2,0,0,1,0,0,0,1,0,0
591,David Marks,2,1,0,62666,1,50,3,0,0,0,1,0,0,0,0,1
592,Peter Thomas,9,0,1,74018,10,100,4,0,0,1,0,0,0,0,1,0
593,Kathryn Santos,3,1,1,75861,1,65,4,0,0,0,0,1,0,0,1,0
594,Brittany Nelson,6,1,1,88511,4,100,3,0,0,0,1,0,1,0,0,0
595,Katelyn Durham,7,0,1,53796,3,100,3,1,0,0,0,0,1,0,0,0
596,Julia Ferguson,10,1,1,106554,2,100,3,0,0,1,0,0,1,0,0,0
597,Samantha Smith,8,1,1,95958,2,100,2,0,1,0,0,0,0,0,1,0
598,Jessica Stewart,3,0,1,81656,7,80,3,0,0,1,0,0,0,0,1,0
599,Jennifer Yu,7,0,1,94313,9,100,3,1,0,0,0,0,1,0,0,0
600,Jessica Robinson,7,1,1,66221,4,100,3,0,1,0,0,0,1,0,0,0
601,John White,9,1,1,76854,9,100,4,0,1,0,0,0,0,0,0,1
602,John Chaney,0,1,0,107278,1,35,4,1,0,0,0,0,1,0,0,0
603,Clifford Andrews,5,1,1,54536,0,70,2,1,0,0,0,0,0,0,0,1
604,Kimberly Miles,10,1,1,113587,0,100,2,0,0,0,1,0,0,0,0,1
605,Sara Jackson,5,0,1,94342,10,100,3,0,0,1,0,0,0,0,1,0
606,Kelly Porter,5,1,1,74090,3,95,4,0,1,0,0,0,0,1,0,0
607,Adam Hopkins,4,0,1,90906,3,70,3,0,1,0,0,0,1,0,0,0
608,Raymond Roach,5,0,1,48105,6,100,4,0,0,1,0,0,0,0,0,1
609,Nathan Davis,8,0,1,50831,3,100,4,0,0,0,1,0,1,0,0,0
610,Briana Burnett,8,0,1,76830,2,100,4,0,0,1,0,0,0,1,0,0
611,Kelly Scott,5,1,1,87525,1,85,4,0,0,0,1,0,0,0,0,1
612,Melissa Griffin,3,1,1,112396,10,100,2,0,0,0,0,1,0,0,0,1
613,Dennis Wheeler,8,1,1,41624,4,100,2,1,0,0,0,0,1,0,0,0
614,Caroline Ford,7,1,1,115954,9,100,4,1,0,0,0,0,0,0,0,1
615,Kevin Robinson,4,0,1,84358,2,65,3,0,0,0,1,0,1,0,0,0
616,Steven Crawford,3,0,1,101694,8,85,3,0,0,1,0,0,0,1,0,0
617,Brett Bird,2,1,1,97529,4,70,4,1,0,0,0,0,1,0,0,0
618,Heather Brown,8,1,1,102924,7,100,4,0,0,1,0,0,0,0,0,1
619,Larry Williams,6,1,1,115539,9,100,4,0,0,1,0,0,1,0,0,0
620,Mr. Bryan Hernandez,6,1,1,79795,8,100,3,0,0,0,1,0,0,0,1,0
621,Patricia Sherman,4,1,1,42305,10,100,4,0,0,1,0,0,1,0,0,0
622,Pam Reynolds,10,0,1,118077,8,100,3,0,0,1,0,0,1,0,0,0
623,Steven Compton,2,1,1,72178,3,65,4,1,0,0,0,0,0,1,0,0
624,Luke Johnson,5,1,1,64489,4,90,2,0,0,1,0,0,1,0,0,0
625,Victoria Thompson,5,1,1,109004,7,100,4,0,1,0,0,0,0,1,0,0
626,Erin Davis,4,1,1,95919,6,95,3,0,0,0,1,0,0,0,1,0
627,Mitchell Foster,0,1,0,46679,5,45,2,0,1,0,0,0,0,0,0,1
628,Kathy Meyer,0,0,0,75275,1,20,3,0,0,1,0,0,1,0,0,0
629,Jeffrey Johnson,3,1,1,99679,5,75,2,0,1,0,0,0,0,0,1,0
630,Craig Lewis,3,0,1,95357,8,90,4,1,0,0,0,0,1,0,0,0
631,Kevin Cross,4,0,0,98557,2,60,2,0,0,0,0,1,0,1,0,0
632,Nicholas Williams,8,1,1,102480,5,100,3,0,0,0,0,1,0,1,0,0
633,Thomas Hutchinson,1,1,1,97517,9,85,4,1,0,0,0,0,0,1,0,0
634,Patrick Gonzalez,10,1,1,94952,6,100,4,0,1,0,0,0,1,0,0,0
635,Edward Johnson,7,0,1,113418,1,85,2,0,0,0,0,1,0,0,0,1
636,Mr. Jacob Simmons,0,1,0,49006,3,40,3,0,1,0,0,0,0,0,0,1
637,Charles Bennett,6,0,1,65283,7,100,3,0,1,0,0,0,1,0,0,0
638,Austin Johnson,3,1,1,65916,9,100,3,1,0,0,0,0,1,0,0,0
639,Dr. Brandon Dickson DDS,7,1,1,45655,6,100,2,0,0,1,0,0,1,0,0,0
640,Mr. Rick Gonzalez,5,1,1,42998,6,100,2,1,0,0,0,0,0,0,1,0
641,Melanie Jones,3,0,1,106073,4,70,4,0,0,0,0,1,0,1,0,0
642,Kevin English,1,0,1,100697,9,65,2,0,0,0,0,1,0,1,0,0
643,Michael Chang,7,1,1,75810,7,100,2,0,1,0,0,0,0,1,0,0
644,Shannon Nguyen,3,1,0,45918,0,50,2,1,0,0,0,0,0,1,0,0
645,Gregory Martin,9,1,1,41733,0,100,4,0,0,0,0,1,0,1,0,0
646,Susan Cobb,3,0,1,115568,10,95,3,0,0,1,0,0,1,0,0,0
647,Crystal Ford,0,1,0,65854,6,50,2,1,0,0,0,0,0,0,0,1
648,Brittany Lee,0,1,0,110862,6,55,3,0,0,0,0,1,1,0,0,0
649,Emily Young,3,1,0,79722,2,60,2,0,1,0,0,0,0,0,1,0
650,Kathleen Farrell,10,1,1,56768,3,100,3,0,0,1,0,0,0,1,0,0
651,Anna Burch,4,1,1,50369,8,100,4,0,0,0,0,1,1,0,0,0
652,Kelly Berg,3,1,1,58215,9,95,2,0,1,0,0,0,1,0,0,0
653,Mr. Kevin Guzman,1,0,0,82703,0,20,2,0,0,1,0,0,0,0,0,1
654,Michael Ramirez,4,1,1,98013,4,90,4,0,1,0,0,0,0,1,0,0
655,Steven Haney,9,1,1,56987,1,100,2,1,0,0,0,0,0,1,0,0
656,Sandra Brown,6,1,1,43584,9,100,4,0,0,0,0,1,0,0,0,1
657,Craig Howard,10,0,1,116205,7,100,4,0,0,0,0,1,0,0,1,0
658,Edward Duncan,0,0,0,108549,2,30,4,0,0,0,1,0,0,1,0,0
659,Frank Hart,3,1,1,62695,9,100,3,0,1,0,0,0,1,0,0,0
660,Robin Erickson,2,0,0,85775,5,60,3,0,1,0,0,0,1,0,0,0
661,Brenda Hall,8,1,1,50950,8,100,2,0,0,1,0,0,0,0,0,1
662,Monica Williams,2,0,1,41824,7,65,2,0,0,0,0,1,0,1,0,0
663,Gregory Alvarez,0,0,0,95742,2,30,4,0,0,0,0,1,0,0,1,0
664,Edward Williams,6,1,1,108922,10,100,3,0,0,1,0,0,0,1,0,0
665,Debra Martinez,8,1,1,71605,3,100,4,0,1,0,0,0,1,0,0,0
666,Mrs. Monica Thomas MD,10,0,1,79684,8,100,4,0,0,0,0,1,0,0,0,1
667,William Gregory,3,0,0,44106,0,40,2,1,0,0,0,0,0,0,0,1
668,Breanna Archer,5,1,1,103073,10,100,2,0,0,0,1,0,1,0,0,0
669,Sarah Jones,3,1,1,82727,9,100,4,0,0,0,0,1,1,0,0,0
670,Sara Brewer,2,1,0,70971,3,60,3,0,0,0,0,1,0,0,1,0
671,Tammy Chen,0,1,0,106452,3,45,4,1,0,0,0,0,1,0,0,0
672,John Mooney,5,0,1,74282,7,100,4,0,0,1,0,0,1,0,0,0
673,Shane Burch,9,0,1,113428,2,100,2,0,0,0,1,0,0,0,0,1
674,Zachary Simpson,0,1,0,76108,5,55,4,0,1,0,0,0,0,1,0,0
675,Alexandra Williams,10,1,1,64417,7,100,2,0,0,0,0,1,0,0,1,0
676,Danielle Lewis,0,1,1,70943,8,70,4,0,1,0,0,0,0,1,0,0
677,David Bradley,4,0,0,75186,1,60,3,1,0,0,0,0,0,0,1,0
678,Annette Greene,5,1,1,60720,7,100,4,0,0,1,0,0,0,0,0,1
679,Cheryl Cruz,6,1,1,100827,10,100,3,0,0,1,0,0,0,0,0,1
680,Joseph Jackson,8,1,1,57448,0,100,4,1,0,0,0,0,0,0,1,0
681,Jessica Bradford,2,1,1,106309,7,75,2,0,0,0,0,1,0,1,0,0
682,Sandra Costa,3,0,1,63325,8,90,4,0,0,0,0,1,1,0,0,0
683,Thomas Sanders,0,1,0,89654,8,60,2,0,0,0,1,0,0,1,0,0
684,Christine Trevino,3,1,1,53518,7,85,2,0,0,0,0,1,0,0,0,1
685,Nicole Mercado,5,0,1,75717,7,95,2,0,0,0,1,0,0,0,0,1
686,Nicholas White,2,0,1,99963,10,80,2,0,0,0,1,0,1,0,0,0
687,Sarah Adams,6,1,1,73268,8,100,4,1,0,0,0,0,0,0,0,1
688,Kenneth Johnson,7,0,1,41678,8,100,3,0,1,0,0,0,0,1,0,0
689,Chelsea Friedman,4,1,1,45453,5,95,4,1,0,0,0,0,1,0,0,0
690,Jennifer Shaw,3,1,1,70067,3,65,2,1,0,0,0,0,1,0,0,0
691,Victor Garza,4,1,1,43297,2,70,2,0,0,0,1,0,0,0,0,1
692,Chelsea Harris,7,1,1,49447,10,100,3,0,0,0,1,0,1,0,0,0
693,Jeanette Garcia MD,7,1,1,92129,3,100,2,0,1,0,0,0,0,1,0,0
694,Lorraine Jordan,6,1,1,59129,5,100,4,1,0,0,0,0,0,1,0,0
695,Emily Meyer,2,1,1,84569,7,75,2,0,0,0,1,0,0,1,0,0
696,Marcus Garrett,3,1,1,118062,8,100,4,0,0,0,1,0,0,1,0,0
697,Jessica Griffin,2,1,0,56433,2,55,3,0,0,1,0,0,0,0,1,0
698,Kristy Horton,4,0,1,110442,7,85,2,0,1,0,0,0,0,1,0,0
699,Laura Little,8,1,1,68492,4,100,3,0,0,1,0,0,0,1,0,0
700,Ricky Alvarez,2,1,1,83473,10,90,2,0,0,1,0,0,0,0,0,1
701,Sarah Robinson,4,0,1,113477,2,70,4,0,1,0,0,0,0,1,0,0
702,Stacey Bradford,8,1,1,86416,8,100,2,1,0,0,0,0,0,0,0,1
703,Michael Mercado,9,1,1,84959,6,100,3,0,1,0,0,0,0,0,0,1
704,Brian Adams,9,1,1,61090,7,100,2,1,0,0,0,0,1,0,0,0
705,Sylvia Rogers,7,1,1,100153,6,100,4,0,1,0,0,0,0,1,0,0
706,Stephanie Nguyen,4,1,1,63556,10,100,3,0,0,1,0,0,1,0,0,0
707,Bobby Palmer,3,1,1,104253,8,95,3,0,0,0,1,0,0,0,0,1
708,Melissa Deleon,2,1,1,43703,5,70,3,0,0,0,0,1,0,0,1,0
709,Ryan Silva,2,1,1,52471,10,90,2,1,0,0,0,0,1,0,0,0
710,Dawn Bush,3,0,0,93508,4,60,2,0,0,0,0,1,0,1,0,0
711,Robert Simon,4,0,1,104295,6,90,4,1,0,0,0,0,1,0,0,0
712,Meagan Spencer,6,1,1,80373,8,100,3,0,0,0,0,1,0,0,0,1
713,Jeffrey Olson,0,1,0,61991,1,25,2,0,0,0,1,0,1,0,0,0
714,Marie Stevens,1,1,0,61309,2,50,4,0,0,0,1,0,1,0,0,0
715,Jacob Ferrell,0,1,0,41382,0,25,3,0,0,1,0,0,0,0,0,1
716,David Frey,6,1,1,116788,2,90,2,1,0,0,0,0,1,0,0,0
717,Marissa Cook,8,1,1,100202,5,100,4,0,0,0,0,1,0,0,0,1
718,Melissa Patterson,4,0,1,52790,2,70,4,0,0,0,0,1,0,1,0,0
719,Jason Elliott,4,1,1,42621,5,85,2,0,0,0,1,0,0,0,1,0
720,Deanna Williams,4,1,1,109802,3,85,4,0,0,1,0,0,1,0,0,0
721,Jessica Woods,4,0,1,97719,8,90,2,0,0,0,0,1,0,0,1,0
722,Albert Rivera,3,0,1,42368,9,85,2,0,0,0,0,1,0,1,0,0
723,Jennifer Moran,8,1,1,59833,2,100,2,0,1,0,0,0,0,0,1,0
724,Christopher Campbell,9,0,1,44150,6,100,2,0,0,0,1,0,0,1,0,0
725,Alan Moran,2,1,0,54193,0,50,4,0,0,1,0,0,0,0,0,1
726,Nicholas Stephens,8,1,1,110499,9,100,3,0,1,0,0,0,0,0,1,0
727,Ryan Mason,10,0,1,84036,5,100,3,1,0,0,0,0,0,0,1,0
728,Jennifer Morgan MD,3,0,0,91090,2,55,3,0,0,0,0,1,0,0,1,0
729,Nicholas Phillips,2,0,0,94786,4,55,3,0,1,0,0,0,1,0,0,0
730,Andrea Beard,7,1,1,98988,10,100,2,0,0,1,0,0,0,0,0,1
731,Sarah Jones,3,1,0,105232,1,60,3,0,0,1,0,0,0,1,0,0
732,Eugene Rodriguez,2,1,0,73879,2,50,2,1,0,0,0,0,0,1,0,0
733,Vicki Murphy,5,1,1,91828,10,100,4,0,0,0,0,1,0,0,1,0
734,Kevin Baker,5,1,1,76625,10,100,3,0,0,0,1,0,0,0,0,1
735,Preston Martin,1,1,1,117535,8,70,2,0,0,0,0,1,0,1,0,0
736,Justin Clark,5,1,1,115813,0,75,3,0,1,0,0,0,0,0,0,1
737,Matthew Reed,3,0,0,95288,3,60,3,0,0,1,0,0,0,1,0,0
738,Matthew Kent,6,1,1,56096,8,100,2,0,0,0,1,0,0,1,0,0
739,Danny Brown,5,1,1,87063,5,100,3,0,1,0,0,0,0,1,0,0
740,Amanda Shea,6,0,1,79100,2,85,3,0,0,0,0,1,0,0,1,0
741,Jacob Chang,5,1,1,77117,6,100,3,0,0,0,1,0,1,0,0,0
742,Julie George,7,1,1,55614,4,100,4,1,0,0,0,0,1,0,0,0
743,Suzanne Watson,0,1,0,118032,2,40,4,1,0,0,0,0,0,0,0,1
744,Steve Smith,5,1,1,97148,1,85,4,0,0,1,0,0,0,0,1,0
745,Nicole Austin,7,1,1,106421,2,100,3,1,0,0,0,0,1,0,0,0
746,Megan Peterson,0,1,0,118475,2,35,3,0,0,0,0,1,0,0,0,1
747,Susan Andrews,6,1,1,106122,10,100,2,0,1,0,0,0,1,0,0,0
748,Ryan Arnold,2,1,1,45134,10,95,3,1,0,0,0,0,1,0,0,0
749,Jessica Porter,2,1,0,47573,3,60,3,0,0,0,0,1,1,0,0,0
750,Christopher Smith,1,0,0,58823,3,45,4,0,0,1,0,0,0,0,0,1
751,Thomas Ramos,8,1,1,107124,2,100,3,0,0,0,0,1,0,1,0,0
752,Jacob Brown,4,0,1,90584,3,70,3,0,1,0,0,0,0,0,1,0
753,Melissa Preston,9,1,1,68203,9,100,4,0,0,0,0,1,0,0,0,1
754,Kevin Carlson,0,1,0,91454,1,30,3,0,1,0,0,0,0,0,1,0
755,Jesse Bird,9,1,1,97312,1,100,3,0,0,0,1,0,1,0,0,0
756,Alyssa Rivera,5,1,1,116922,0,70,2,0,1,0,0,0,0,0,0,1
757,Michelle Nolan,6,1,1,71832,4,100,4,0,0,0,0,1,1,0,0,0
758,Randy Williams,0,0,0,88958,4,35,3,0,1,0,0,0,1,0,0,0
759,Eric Jimenez,6,1,1,75755,0,90,4,0,1,0,0,0,1,0,0,0
760,Janice Mann,1,1,0,71365,6,60,2,0,0,0,1,0,0,0,1,0
761,Reginald Hernandez,6,1,1,85255,10,100,4,1,0,0,0,0,0,1,0,0
762,Shane Thomas,6,0,1,41610,7,100,3,0,0,1,0,0,0,0,1,0
763,Mr. Johnathan Garcia,2,0,0,82150,4,55,3,0,1,0,0,0,0,0,0,1
764,Thomas Moore,6,1,1,116832,1,85,2,0,1,0,0,0,0,0,1,0
765,Carrie Vazquez,0,1,0,93534,5,50,3,0,1,0,0,0,0,0,1,0
766,Nicholas Stevens,1,1,1,52956,8,75,3,0,0,0,1,0,1,0,0,0
767,Angelica Copeland,0,1,0,68407,4,40,2,0,0,0,1,0,0,1,0,0
768,Ashley Peck,5,1,1,75828,4,100,4,1,0,0,0,0,0,0,0,1
769,Robin Bradford,9,0,1,93197,0,100,4,0,0,0,1,0,0,0,1,0
770,Danielle York,8,1,1,104379,6,100,2,0,0,0,1,0,0,0,1,0
771,Dr. Bradley Rogers,6,1,1,58947,8,100,4,0,0,0,0,1,0,1,0,0
772,Matthew Price,9,1,1,75101,2,100,3,0,0,0,0,1,1,0,0,0
773,Trevor Sampson,1,1,0,95743,4,50,2,0,0,0,0,1,0,0,1,0
774,Steve Olson,0,1,0,54236,6,55,3,0,0,0,1,0,1,0,0,0
775,Amy White,4,0,1,51928,8,100,4,1,0,0,0,0,0,0,1,0
776,Sara Ward,2,1,1,116970,3,65,4,0,0,0,0,1,1,0,0,0
777,Traci Austin,10,1,1,110158,8,100,4,0,0,1,0,0,0,0,1,0
778,Megan Juarez,6,0,1,113366,4,95,3,1,0,0,0,0,0,0,0,1
779,Matthew Smith,10,0,1,58090,4,100,3,0,1,0,0,0,0,0,1,0
780,Martin Norris,10,0,1,74425,5,100,3,0,0,1,0,0,0,0,0,1
781,Paul Torres,6,1,1,65650,3,100,4,0,0,0,0,1,1,0,0,0
782,Dennis Hunt,0,1,1,76195,10,70,2,0,1,0,0,0,0,0,1,0
783,Miss Katherine Olson DDS,7,1,1,61986,5,100,2,0,0,1,0,0,0,0,0,1
784,Tabitha Mcgee,5,1,1,92506,5,95,2,0,0,0,0,1,0,1,0,0
785,Sharon Murray,5,1,1,111508,7,100,2,0,1,0,0,0,0,1,0,0
786,Jonathan Edwards,9,0,1,67670,9,100,4,0,0,1,0,0,1,0,0,0
787,Amy Campbell,9,1,1,108567,1,100,2,0,1,0,0,0,0,0,1,0
788,Jacob Duncan,7,0,1,92893,7,100,4,0,0,0,0,1,0,1,0,0
789,Christina Sanchez,3,1,1,74914,10,100,2,0,1,0,0,0,1,0,0,0
790,Yvonne Maynard,9,1,1,78574,7,100,2,1,0,0,0,0,0,1,0,0
791,Kimberly Clark,10,0,1,53207,1,100,3,0,0,0,1,0,0,0,0,1
792,Kendra Delacruz,1,0,1,108185,8,70,4,0,0,0,0,1,0,0,1,0
793,Tom Bennett,6,1,1,107075,8,100,4,0,0,0,1,0,0,0,1,0
794,Jennifer Hess,7,0,1,71964,7,100,4,0,0,1,0,0,0,0,1,0
795,Jason Mayer,10,1,1,82119,2,100,4,1,0,0,0,0,1,0,0,0
796,Stephen Mills,3,1,1,63537,2,70,4,0,0,0,0,1,0,0,0,1
797,Deborah Lynch,7,0,1,54150,0,85,3,0,0,0,0,1,0,1,0,0
798,Matthew Sandoval,1,0,1,47674,9,70,3,0,0,1,0,0,0,1,0,0
799,Elizabeth Smith,4,1,1,113251,8,100,3,0,1,0,0,0,0,0,0,1
800,James Allen,7,1,1,71459,0,100,4,0,1,0,0,0,0,0,1,0
801,Scott Kaiser,8,1,1,53090,6,100,4,0,0,1,0,0,1,0,0,0
802,James Baker,6,1,1,107340,7,100,2,1,0,0,0,0,0,1,0,0
803,Maria Bell,8,0,1,115812,5,100,4,0,0,0,1,0,0,0,1,0
804,Jason West,1,1,1,45422,10,80,2,0,1,0,0,0,0,0,0,1
805,Dylan Bailey,4,0,1,119370,3,75,4,0,0,0,1,0,0,0,0,1
806,Brian Welch,9,1,1,68212,9,100,4,0,0,1,0,0,1,0,0,0
807,Lori Oliver,8,0,1,41965,2,100,4,0,1,0,0,0,0,0,1,0
808,Nathan Miller,9,1,1,64058,1,100,3,0,0,1,0,0,0,0,1,0
809,Mary Hodge,6,1,1,77388,4,100,4,0,1,0,0,0,0,0,1,0
810,Shannon Perkins,8,1,1,96662,9,100,2,0,0,0,1,0,0,1,0,0
811,Lisa Martin,3,1,1,89915,9,100,4,1,0,0,0,0,0,0,1,0
812,Brittany Knight,2,1,0,99578,0,45,3,1,0,0,0,0,0,0,1,0
813,James Williams,6,1,1,112595,7,100,4,0,0,1,0,0,0,0,1,0
814,Cody Nolan,6,1,1,53035,10,100,2,0,0,1,0,0,1,0,0,0
815,Jose Kane,5,1,1,75413,4,90,2,0,0,1,0,0,0,1,0,0
816,Anthony Contreras,8,1,1,114489,9,100,3,0,0,0,1,0,0,1,0,0
817,Andrea Stone,4,1,1,49673,7,100,3,0,0,0,0,1,0,0,0,1
818,Cindy Armstrong,1,1,0,83138,3,55,4,0,0,0,0,1,1,0,0,0
819,Misty Bailey,4,1,1,73783,3,85,4,1,0,0,0,0,0,0,1,0
820,Adam Tapia,4,0,1,107425,2,65,3,0,0,0,0,1,0,1,0,0
821,Erin Kemp,1,1,0,51229,2,50,4,1,0,0,0,0,0,1,0,0
822,Ronald Tucker,0,0,0,93079,2,30,4,0,1,0,0,0,0,1,0,0
823,Patrick Hayes,9,1,1,54846,8,100,2,1,0,0,0,0,0,0,1,0
824,Colleen Bates,10,1,1,77427,10,100,4,0,0,0,0,1,0,0,0,1
825,Christopher Fisher,6,1,1,58157,4,100,4,0,1,0,0,0,0,0,0,1
826,Kelly Mejia,4,1,1,67535,1,70,3,0,0,0,1,0,0,1,0,0
827,Kyle Anderson,9,1,1,65183,1,100,2,0,0,0,0,1,1,0,0,0
828,Tiffany Cox,8,1,1,46717,6,100,2,0,0,1,0,0,0,0,0,1
829,Stephen Miller,10,1,1,65446,9,100,3,0,0,1,0,0,1,0,0,0
830,Deborah Hughes,3,0,1,53096,7,85,4,0,0,0,1,0,0,1,0,0
831,Courtney Ware,1,0,1,84774,9,75,4,0,0,0,1,0,1,0,0,0
832,Christina Sosa,6,1,1,74854,6,100,4,0,1,0,0,0,0,0,0,1
833,Antonio Hill,4,1,1,54228,1,65,2,0,0,1,0,0,1,0,0,0
834,Omar Hill,3,1,1,59564,2,65,3,0,0,0,1,0,0,0,1,0
835,Mike Hayes,5,1,1,104149,9,100,4,0,1,0,0,0,0,1,0,0
836,Larry Moreno,8,0,1,59474,3,100,3,0,0,0,0,1,0,0,0,1
837,Kelly Jones,9,1,1,91723,8,100,2,0,1,0,0,0,0,0,1,0
838,Cheryl Green,7,0,1,107965,10,100,2,0,0,0,0,1,0,0,0,1
839,Yolanda Vasquez,8,0,1,99384,1,100,4,1,0,0,0,0,0,1,0,0
840,Rebecca Walker,2,1,1,84205,4,65,3,0,0,0,1,0,0,0,1,0
841,Gerald Greene,10,1,1,114697,9,100,4,0,0,1,0,0,0,1,0,0
842,Matthew Mckinney,5,1,1,101270,7,100,2,0,0,0,1,0,1,0,0,0
843,Jasmine Duffy,3,1,1,55341,10,100,3,0,0,0,1,0,0,0,1,0
844,Daniel Carter,2,0,1,116969,7,65,2,0,0,0,1,0,0,1,0,0
845,Gregory Murray,10,0,1,70494,7,100,3,0,1,0,0,0,0,0,1,0
846,Megan Stephenson,8,0,1,93647,10,100,4,1,0,0,0,0,0,0,0,1
847,Curtis Wood,4,1,1,88986,2,70,2,0,1,0,0,0,0,0,1,0
848,Nicole Martinez,2,1,1,82119,8,85,3,0,0,0,0,1,0,0,1,0
849,Tonya Sanchez,1,1,0,48917,3,50,3,0,0,1,0,0,0,0,0,1
850,Lori Lopez DDS,2,0,0,44219,4,55,3,0,1,0,0,0,0,0,1,0
851,Hannah Smith,7,0,1,63601,10,100,3,1,0,0,0,0,0,1,0,0
852,Amanda Shepherd,1,1,0,101851,2,50,4,1,0,0,0,0,1,0,0,0
853,Timothy Smith,3,1,1,97789,5,85,4,0,0,0,1,0,0,1,0,0
854,Christian Elliott,9,0,1,91064,5,100,4,0,0,1,0,0,1,0,0,0
855,Michelle Baker,7,1,1,48252,4,100,2,0,0,1,0,0,0,0,0,1
856,Felicia Gonzalez,6,1,1,116163,2,100,4,0,0,1,0,0,0,0,1,0
857,Karen Castillo,5,1,1,46669,5,100,3,0,0,0,1,0,0,0,1,0
858,Autumn Obrien,9,1,1,69810,0,100,3,0,1,0,0,0,0,1,0,0
859,Eric Ramirez,10,0,1,54054,0,100,3,0,0,0,0,1,0,0,1,0
860,Terry Simpson,4,1,1,62790,9,100,3,0,0,1,0,0,0,1,0,0
861,Karen Acosta,8,1,1,94680,10,100,2,0,1,0,0,0,1,0,0,0
862,Chelsea Weaver,6,1,1,109248,8,100,4,0,0,0,0,1,1,0,0,0
863,Theresa Villanueva,9,1,1,73851,6,100,3,0,0,0,1,0,0,1,0,0
864,Dennis Gamble,3,0,1,94642,8,90,4,1,0,0,0,0,0,0,1,0
865,Joseph Gallagher,8,0,1,94140,4,100,3,0,1,0,0,0,0,1,0,0
866,Ashley Luna,6,1,1,112672,2,95,3,0,0,0,0,1,1,0,0,0
867,Timothy Buckley,10,1,1,114118,2,100,3,0,0,0,1,0,0,0,1,0
868,Samuel Mckinney,5,1,1,109244,5,100,4,0,0,0,1,0,1,0,0,0
869,Peter Wilson,6,1,1,66936,5,100,4,0,0,1,0,0,0,0,0,1
870,Cassandra Crawford,6,1,1,41199,9,100,3,0,0,0,0,1,1,0,0,0
871,Kenneth Lee,3,1,1,45975,10,100,3,0,0,0,0,1,0,0,1,0
872,Karina Stone,8,1,1,77705,0,100,4,0,0,0,0,1,0,0,0,1
873,Lorraine Hammond,8,1,1,60790,7,100,2,0,0,0,1,0,0,1,0,0
874,Matthew Ward,9,1,1,107697,5,100,4,0,1,0,0,0,0,0,1,0
875,Wayne Hudson,5,1,1,84438,10,100,4,1,0,0,0,0,0,0,0,1
876,Brandi Hernandez,4,1,1,65571,5,95,4,0,1,0,0,0,0,0,1,0
877,James Pruitt,3,0,1,107521,10,95,3,0,0,0,0,1,0,0,1,0
878,Margaret Martin,0,1,0,40085,2,35,3,0,0,1,0,0,1,0,0,0
879,Rachel Johnson,2,0,0,50002,1,45,4,0,0,0,0,1,0,0,1,0
880,Elizabeth Smith,6,1,1,67810,1,95,4,0,0,0,0,1,0,1,0,0
881,Desiree White,9,1,1,50001,6,100,2,0,1,0,0,0,0,0,0,1
882,Cindy Hamilton,8,1,1,71678,0,100,2,0,0,1,0,0,0,0,0,1
883,Scott Fuller,4,0,1,66621,5,85,4,0,1,0,0,0,1,0,0,0
884,Kristen West MD,9,1,1,119901,3,100,2,0,0,0,0,1,0,0,1,0
885,Joe Martinez,4,1,1,103738,10,100,4,1,0,0,0,0,1,0,0,0
886,David Tran,9,0,1,51682,8,100,2,0,0,0,0,1,0,0,1,0
887,Steven Gonzalez,3,1,1,48470,7,90,3,0,0,0,0,1,0,0,1,0
888,Debra Williams,1,1,0,117772,2,45,3,1,0,0,0,0,0,1,0,0
889,Hannah Rivera,7,1,1,64888,5,100,3,0,0,0,1,0,0,1,0,0
890,Mrs. Heather Williams MD,7,1,1,112572,5,100,4,0,0,1,0,0,0,0,1,0
891,Jason Case,7,1,1,117696,4,100,2,0,0,1,0,0,0,1,0,0
892,Sandra Scott,8,0,1,82202,5,100,3,0,0,1,0,0,1,0,0,0
893,Brian Sullivan,6,1,1,45959,5,100,2,0,0,0,0,1,0,1,0,0
894,Nicole Cox,0,0,0,70344,4,40,4,0,0,0,1,0,0,0,0,1
895,Timothy Thomas,3,0,1,46781,6,75,3,0,0,1,0,0,0,0,0,1
896,Erin Murphy,6,1,1,102676,0,90,4,0,0,0,1,0,1,0,0,0
897,Amber Crosby,2,1,1,99600,3,65,4,0,0,1,0,0,0,0,0,1
898,Patricia Dunn,8,1,1,100399,7,100,4,0,0,1,0,0,1,0,0,0
899,Margaret Price,2,0,1,66087,9,75,2,0,0,0,1,0,0,0,0,1
900,Barry Mitchell,2,1,1,55337,6,75,3,0,0,0,0,1,0,1,0,0
901,Benjamin Gray,2,0,0,60745,0,40,4,0,0,0,1,0,0,1,0,0
902,John Wilson,7,1,1,112353,10,100,4,0,0,1,0,0,1,0,0,0
903,Lisa White,6,1,1,48306,10,100,4,0,0,0,0,1,0,0,1,0
904,James Grimes,9,1,1,97435,7,100,2,0,0,0,0,1,1,0,0,0
905,Stacy Flores,4,1,0,103828,0,60,2,0,0,0,0,1,0,0,1,0
906,Amber Hunt,10,1,1,41917,9,100,2,0,0,0,1,0,0,1,0,0
907,Brandon Lucero,6,0,1,56712,5,100,3,0,1,0,0,0,1,0,0,0
908,Joshua Jensen DDS,0,1,0,72251,6,55,3,0,1,0,0,0,0,0,1,0
909,Amy Anderson,5,1,1,88058,0,70,2,0,1,0,0,0,1,0,0,0
910,Colin Morris,3,1,1,102914,6,85,3,0,0,0,1,0,0,1,0,0
911,Erin Hull,6,1,1,117600,0,80,2,0,0,0,0,1,0,0,1,0
912,Ann Long,6,1,1,64149,0,85,3,0,0,1,0,0,1,0,0,0
913,Krystal Cole,10,0,1,89696,3,100,3,0,0,1,0,0,1,0,0,0
914,Laura Vasquez,3,0,0,94832,3,60,3,0,1,0,0,0,0,0,1,0
915,John Holland,3,1,1,114989,9,100,4,0,0,0,1,0,0,1,0,0
916,Marcus Edwards,7,0,1,72691,1,85,2,0,0,0,0,1,0,0,1,0
917,Amy Carter,0,0,0,113643,4,40,4,0,0,1,0,0,1,0,0,0
918,Michael Jimenez,5,0,1,92538,1,75,4,0,1,0,0,0,0,0,1,0
919,Shannon Frazier,5,1,1,100800,3,85,2,0,0,0,1,0,0,0,1,0
920,Kelly Harrell,4,0,1,112115,9,100,3,0,0,0,1,0,0,1,0,0
921,Jonathan Myers,9,1,1,108502,9,100,4,1,0,0,0,0,0,0,0,1
922,Gary Fisher,6,1,1,66054,2,90,2,0,0,0,0,1,0,1,0,0
923,Michael Padilla,7,1,1,98529,1,95,2,1,0,0,0,0,1,0,0,0
924,Kerry Sanders,1,1,1,113545,6,70,4,0,0,0,0,1,0,0,1,0
925,Amy Reynolds,8,1,1,54594,2,100,3,0,0,0,0,1,0,1,0,0
926,Colleen Conner,5,1,1,101120,5,100,4,0,0,0,0,1,0,0,0,1
927,John Walker,5,1,1,108012,7,100,2,1,0,0,0,0,0,0,1,0
928,Bianca Montoya,7,0,1,117476,10,100,4,1,0,0,0,0,0,0,0,1
929,Melinda Lambert,1,0,0,48157,5,50,3,0,0,1,0,0,0,0,0,1
930,David Levy,1,0,0,63713,0,30,4,0,0,1,0,0,1,0,0,0
931,Mark Sanford,2,1,0,71635,1,45,2,1,0,0,0,0,0,0,1,0
932,Debbie Wong,9,0,1,62823,7,100,2,1,0,0,0,0,0,1,0,0
933,Peter Brown,1,1,1,82007,10,85,3,0,0,1,0,0,0,0,0,1
934,Kristina Evans,10,1,1,47998,10,100,3,0,0,1,0,0,0,0,1,0
935,Maria Green,3,1,0,55365,1,60,3,0,0,0,0,1,0,0,1,0
936,Eddie May,2,1,1,90929,7,75,2,0,0,0,1,0,0,0,1,0
937,Samuel Arnold,9,1,1,46896,8,100,2,0,0,0,1,0,0,1,0,0
938,Jacob Morrow,5,1,1,43681,4,90,2,0,0,0,0,1,1,0,0,0
939,William Johnston,3,1,0,44121,0,60,4,0,0,1,0,0,0,0,0,1
940,Amy Lawson,1,1,1,48456,8,75,3,0,0,0,0,1,0,1,0,0
941,Donald Cantu,6,1,1,109463,6,100,4,0,1,0,0,0,0,1,0,0
942,Mr. Matthew Brewer,2,0,0,94281,2,45,3,0,0,0,1,0,1,0,0,0
943,Leslie Conway,2,1,1,80720,6,80,4,0,0,0,0,1,0,0,1,0
944,Michael Wilson,3,0,1,78794,4,70,4,0,0,0,0,1,0,0,0,1
945,Kristin Hernandez,3,1,0,50972,1,60,3,1,0,0,0,0,0,1,0,0
946,Kyle Orozco,4,1,1,79539,5,90,3,0,0,0,0,1,0,0,0,1
947,Theresa Hansen,1,0,1,99954,8,70,4,1,0,0,0,0,0,1,0,0
948,Jeffery Hicks,2,1,1,42356,3,65,4,0,1,0,0,0,0,0,1,0
949,Alan Lewis,10,1,1,50188,3,100,4,1,0,0,0,0,1,0,0,0
950,Elizabeth Fry,5,1,1,45733,0,75,3,1,0,0,0,0,0,1,0,0
951,Rita Russell,7,1,1,87562,9,100,2,0,0,1,0,0,0,0,1,0
952,Joshua Hatfield,0,1,1,70137,9,75,4,0,0,0,1,0,1,0,0,0
953,Mary Thomas,6,1,1,53286,5,100,4,1,0,0,0,0,0,0,1,0
954,Jennifer Juarez,4,1,1,91996,8,100,4,0,0,1,0,0,0,1,0,0
955,Megan Meadows,7,1,1,55431,2,100,4,1,0,0,0,0,0,0,1,0
956,Michael Johnson,3,1,1,113134,5,85,4,1,0,0,0,0,0,0,1,0
957,Sarah Wood MD,6,0,1,90173,4,100,4,0,0,0,1,0,0,1,0,0
958,Elizabeth Logan,7,0,1,109418,6,100,2,0,0,0,1,0,0,1,0,0
959,Jesus Johnson,7,0,1,115535,5,100,3,1,0,0,0,0,0,0,0,1
960,Evan Rodriguez,3,1,1,119432,9,100,3,0,0,1,0,0,0,0,1,0
961,Phillip Morris,3,1,1,77352,3,70,3,0,1,0,0,0,0,0,1,0
962,Melanie Oliver,9,1,1,96487,0,100,3,1,0,0,0,0,0,0,1,0
963,Michael Hall,5,1,1,48234,9,100,4,1,0,0,0,0,1,0,0,0
964,Mary Vasquez,6,1,1,64951,8,100,2,0,0,0,0,1,1,0,0,0
965,Jason Jackson,2,0,1,51721,10,85,3,0,0,0,0,1,0,1,0,0
966,Elizabeth Stevenson,8,0,1,61880,8,100,3,0,0,1,0,0,0,0,1,0
967,Courtney Black,6,0,1,56426,1,85,4,0,0,0,1,0,0,1,0,0
968,Adriana Johnson,6,1,1,50340,0,90,4,1,0,0,0,0,0,0,1,0
969,Ashley Rice,0,1,1,99429,9,65,2,0,0,1,0,0,1,0,0,0
970,Mark Hughes,9,1,1,104274,10,100,3,0,0,0,0,1,0,0,1,0
971,Chloe Blake,0,0,0,45815,7,50,3,0,0,0,1,0,0,0,0,1
972,Jennifer Morris,8,1,1,112514,8,100,2,1,0,0,0,0,0,0,0,1
973,Samuel Bright,3,1,1,68738,6,90,4,0,0,0,1,0,1,0,0,0
974,Christopher Fernandez,6,1,1,40595,1,90,3,0,0,0,1,0,0,0,0,1
975,Vanessa Hampton,1,1,0,86353,2,50,4,0,1,0,0,0,1,0,0,0
976,Erin Wells,7,1,1,95709,8,100,4,0,1,0,0,0,0,1,0,0
977,Louis Spencer,3,0,1,95270,7,75,2,1,0,0,0,0,1,0,0,0
978,Sherry White,7,1,1,67871,10,100,4,0,0,1,0,0,0,0,0,1
979,Hunter Higgins,9,1,1,89128,0,100,3,1,0,0,0,0,0,0,1,0
980,Pamela Santos,9,1,1,57419,7,100,3,0,0,0,1,0,1,0,0,0
981,Juan Le,3,1,1,71142,4,75,3,0,1,0,0,0,0,0,1,0
982,Dakota Clark,10,1,1,100218,10,100,2,0,0,0,0,1,1,0,0,0
983,Kristin Ferguson,6,0,1,49261,1,80,3,0,0,0,1,0,0,0,0,1
984,Lisa Williamson,1,1,1,94795,7,75,4,0,0,1,0,0,1,0,0,0
985,Nicholas Wheeler,0,1,0,118976,8,60,2,0,0,0,0,1,0,0,1,0
986,Sean Jones,10,1,1,57933,3,100,3,1,0,0,0,0,0,0,0,1
987,Carolyn Little,1,0,1,44099,8,65,3,0,0,0,1,0,0,0,1,0
988,Anna Perez,2,1,1,76264,4,65,3,0,0,1,0,0,1,0,0,0
989,Christina Ball,5,1,1,54525,8,100,2,1,0,0,0,0,1,0,0,0
990,Tracy Jennings,9,1,1,45660,9,100,4,0,0,0,1,0,0,1,0,0
991,Jennifer Martinez,5,1,1,106646,4,100,4,0,0,1,0,0,0,0,0,1
992,Jacob Davis,3,1,1,115708,9,100,4,0,0,0,0,1,0,1,0,0
993,Michael Dodson,10,1,1,50166,10,100,2,0,0,0,0,1,0,0,0,1
994,Tina Booth,1,1,0,60494,0,40,4,0,0,0,1,0,0,1,0,0
995,Brian Hawkins,4,1,1,51742,6,90,2,0,0,0,0,1,0,0,0,1
996,Brenda Williams,0,0,0,114364,9,60,3,1,0,0,0,0,0,1,0,0
997,Colleen Hicks,0,1,0,103294,5,45,2,0,0,0,1,0,0,0,1,0
998,Michelle Molina,0,1,1,113855,9,65,2,0,1,0,0,0,1,0,0,0
999,Danielle Horn,8,1,1,83146,10,100,4,0,0,0,0,1,0,1,0,0
1000,Chad Collins,7,1,1,119474,3,100,4,0,0,1,0,0,0,0,1,0
